States,Diabetes Status,2023,2022,2021,2020,2019,2018,2017,2016,2015,2014,2013,2012,2011,2010,2009,2008,2007,2006,2005,2004,2003,2002,2001,2000,1999,1998,1997,1996,1995,1994,1993,1992,1991,1990,1989,1988
Alabama,All Diabetes,233,299,333,353,296,275,307,216,221,234,242,206,249,246,265,260,310,318,331,272,321,318,304,326,289,275,279,281,300,267,313,239,251,263,238,210
,Diabetes Status Unknown,0,0,0,1,0,0,0,0,1,0,1,2,7,5,7,17,8,26,43,23,4,3,2,10,12,1,0,2,2,2,0,0,0,1,0,0
,No,167,194,207,215,193,179,212,153,146,164,174,141,169,186,172,186,213,194,190,170,246,232,220,228,198,216,209,197,226,53,1,0,0,0,2,0
,Type I,4,8,7,6,11,14,12,6,8,12,5,4,4,5,8,3,9,12,8,8,0,0,0,0,0,0,1,0,0,0,0,0,0,0,0,0
,Type II,61,96,115,129,83,69,83,57,65,57,30,19,17,17,34,19,22,17,8,6,1,1,0,0,0,0,0,0,0,0,0,0,0,0,0,0
,Type Other,0,0,0,0,1,0,0,0,0,0,1,0,1,0,1,0,0,0,0,0,0,0,0,0,0,0,0,0,0,0,0,0,0,0,0,0
,Type Unknown,1,1,4,2,8,13,0,0,1,1,31,40,51,33,43,35,58,69,81,65,70,81,76,78,64,57,67,75,53,26,0,0,0,0,0,0
,Unknown,0,0,0,0,0,0,0,0,0,0,0,0,0,0,0,0,0,0,1,0,0,1,6,10,15,1,2,7,19,186,312,239,251,262,236,210
Arizona,All Diabetes,654,733,687,648,726,638,627,609,502,432,467,377,431,356,386,349,353,309,295,278,236,248,231,180,195,182,148,137,137,153,149,109,113,121,147,140
,Diabetes Status Unknown,0,0,0,0,0,0,0,0,0,0,0,1,0,1,0,0,0,0,0,0,0,0,0,0,0,0,0,0,0,1,0,0,0,0,0,0
,No,377,431,434,392,448,402,377,355,289,260,275,225,268,207,238,217,231,211,198,189,159,174,161,124,141,132,104,73,70,24,0,0,1,0,0,0
,Type I,20,21,16,15,10,18,19,14,21,22,24,18,21,26,29,26,39,16,18,4,1,0,0,1,0,0,0,0,0,0,0,0,0,0,0,0
,Type II,256,281,236,241,268,217,229,240,191,148,166,128,139,120,115,88,62,58,34,2,0,1,0,0,0,0,0,0,0,0,0,0,0,0,0,0
,Type Other,0,0,1,0,0,1,1,0,1,0,1,1,0,0,2,2,0,0,0,0,0,0,0,0,0,0,0,0,0,0,0,0,0,0,0,0
,Type Unknown,0,0,0,0,0,0,1,0,0,2,1,4,3,2,2,16,21,24,45,83,76,73,69,54,52,39,30,42,30,12,0,0,0,0,0,0
,Unknown,1,0,0,0,0,0,0,0,0,0,0,0,0,0,0,0,0,0,0,0,0,0,1,1,2,11,14,22,37,116,149,109,112,121,147,140
Arkansas,All Diabetes,146,160,193,151,172,122,75,88,80,67,85,108,100,100,113,87,119,130,132,120,95,100,77,88,92,93,101,89,99,89,91,89,69,63,61,36
,Diabetes Status Unknown,0,0,0,0,0,0,0,0,0,1,0,0,0,0,0,0,0,1,1,1,1,0,0,0,0,1,0,0,0,1,0,0,0,0,0,0
,No,86,97,117,94,110,85,53,63,56,45,57,71,67,62,72,54,77,91,88,85,73,77,54,66,67,76,69,61,58,28,2,1,0,1,1,0
,Type I,5,3,8,5,8,1,3,2,6,5,4,5,4,6,6,10,16,10,14,4,1,0,0,0,0,0,0,0,0,0,0,0,0,0,0,0
,Type II,55,60,60,51,54,36,18,22,16,14,21,26,27,27,31,21,26,27,20,5,0,0,0,1,0,0,0,0,0,0,0,0,1,0,0,0
,Type Other,0,0,8,1,0,0,1,1,2,0,0,3,0,1,0,0,0,0,0,0,0,0,0,0,0,0,0,0,0,0,0,0,0,0,0,0
,Type Unknown,0,0,0,0,0,0,0,0,0,2,3,3,2,4,4,2,0,1,9,24,20,22,23,21,23,16,28,19,22,8,0,0,0,0,0,0
,Unknown,0,0,0,0,0,0,0,0,0,0,0,0,0,0,0,0,0,0,0,1,0,1,0,0,2,0,4,9,19,52,89,88,68,62,60,36
California,All Diabetes,2464,2786,2702,2591,2619,2486,2281,2287,2198,2039,2085,2073,1998,1939,1822,1926,1912,1931,1814,1960,1844,1697,1596,1529,1382,1463,1392,1339,1302,1252,1306,1207,1282,1219,1152,1192
,Diabetes Status Unknown,0,0,1,0,0,0,1,1,2,1,4,6,4,6,8,12,16,21,30,19,21,20,28,26,18,30,17,8,4,8,3,2,0,0,0,2
,No,1594,1848,1799,1739,1771,1656,1523,1589,1526,1375,1386,1452,1395,1359,1334,1369,1381,1447,1303,1453,1367,1276,1222,1140,1039,1031,961,769,617,265,20,8,8,13,4,7
,Type I,45,44,57,48,55,65,44,40,48,43,59,73,60,56,69,67,78,58,47,13,2,1,1,0,0,0,0,0,0,1,0,0,0,0,0,0
,Type II,810,871,812,771,747,702,664,614,569,546,551,485,453,420,323,350,293,232,165,79,4,0,0,0,0,1,0,0,0,0,1,1,0,0,0,0
,Type Other,12,18,25,21,34,45,43,33,38,40,50,34,42,51,30,24,11,5,1,1,0,0,0,0,0,0,0,0,0,0,0,0,0,0,1,0
,Type Unknown,3,5,8,11,12,18,6,10,15,34,35,23,44,47,58,101,132,167,268,388,434,388,332,335,299,301,242,245,142,68,0,2,0,1,0,0
,Unknown,0,0,0,1,0,0,0,0,0,0,0,0,0,0,0,3,1,1,0,7,16,12,13,28,26,100,172,317,539,910,1282,1194,1274,1205,1147,1183
Colorado,All Diabetes,375,471,365,351,372,361,358,265,245,243,280,252,281,314,260,228,209,243,252,211,198,184,169,185,156,150,140,121,138,108,151,108,105,133,122,133
,Diabetes Status Unknown,1,0,0,0,0,0,0,0,0,0,0,0,0,0,0,0,0,0,0,0,2,0,0,0,0,0,0,0,0,0,0,0,0,1,1,1
,No,240,338,242,262,256,269,259,197,183,188,201,176,189,221,191,158,141,180,194,151,142,127,108,134,108,119,105,79,68,31,0,1,1,1,0,0
,Type I,22,18,15,14,19,13,10,11,9,9,11,11,18,22,15,15,17,22,9,1,0,0,0,0,0,0,0,1,0,0,0,0,0,0,0,0
,Type II,109,114,107,72,97,79,89,56,53,46,68,65,71,69,48,50,38,25,19,4,1,0,0,0,0,0,0,0,0,0,0,0,0,0,0,0
,Type Other,2,1,1,3,0,0,0,1,0,0,0,0,0,0,1,0,0,0,0,0,0,0,0,0,0,0,0,0,0,0,0,0,0,0,0,0
,Type Unknown,1,0,0,0,0,0,0,0,0,0,0,0,3,2,5,5,13,16,29,54,53,57,60,49,48,30,30,24,34,10,0,0,1,0,0,0
,Unknown,0,0,0,0,0,0,0,0,0,0,0,0,0,0,0,0,0,0,1,1,0,0,1,2,0,1,5,17,36,67,151,107,103,131,121,132
Connecticut,All Diabetes,215,259,237,239,243,264,203,207,161,160,151,157,153,177,147,150,128,131,124,122,129,155,139,134,124,128,128,123,114,98,116,88,90,99,100,102
,Diabetes Status Unknown,0,1,0,0,0,0,0,0,0,0,0,1,1,2,1,2,2,0,0,0,0,0,1,2,0,0,0,0,0,0,0,0,0,0,0,0
,No,132,159,147,142,147,179,142,144,111,113,98,115,114,117,104,94,89,93,95,91,91,110,102,96,105,90,93,83,57,24,0,0,0,0,2,0
,Type I,7,20,14,14,13,9,12,14,9,6,9,5,6,16,7,15,4,11,5,4,0,1,0,0,0,0,0,0,0,0,0,0,0,0,0,0
,Type II,76,79,76,82,83,76,48,47,40,40,44,34,31,39,34,32,27,22,5,4,1,0,0,0,0,0,1,0,0,0,0,0,0,0,0,0
,Type Other,0,0,0,1,0,0,0,1,1,0,0,0,0,0,0,0,0,0,0,0,0,0,0,0,0,0,0,0,0,0,0,0,0,0,0,0
,Type Unknown,0,0,0,0,0,0,1,1,0,1,0,2,1,3,1,7,6,5,19,23,37,43,36,34,19,35,25,20,21,8,0,0,0,0,0,0
,Unknown,0,0,0,0,0,0,0,0,0,0,0,0,0,0,0,0,0,0,0,0,0,1,0,2,0,3,9,20,36,66,116,88,90,99,98,102
Delaware,All Diabetes,46,32,32,23,30,36,33,33,28,31,49,36,35,28,17,21,20,2,3,5,4,6,7,5,0,1,3,2,4,1,1,0,0,0,0,0
,No,31,21,26,17,24,28,29,21,17,21,32,20,25,20,9,15,17,2,3,5,4,6,7,5,0,1,3,2,4,1,0,0,0,0,0,0
,Type I,0,1,0,2,2,0,1,0,1,1,1,2,1,2,2,1,2,0,0,0,0,0,0,0,0,0,0,0,0,0,0,0,0,0,0,0
,Type II,15,10,6,4,4,8,3,12,10,8,15,14,9,5,6,5,1,0,0,0,0,0,0,0,0,0,0,0,0,0,0,0,0,0,0,0
,Type Other,0,0,0,0,0,0,0,0,0,1,1,0,0,1,0,0,0,0,0,0,0,0,0,0,0,0,0,0,0,0,0,0,0,0,0,0
,Unknown,0,0,0,0,0,0,0,0,0,0,0,0,0,0,0,0,0,0,0,0,0,0,0,0,0,0,0,0,0,0,1,0,0,0,0,0
District of Columbia,All Diabetes,274,340,369,410,399,332,318,329,276,191,198,168,177,213,236,187,160,220,221,175,184,178,170,167,203,207,135,159,164,164,159,209,213,174,190,213
,Diabetes Status Unknown,0,0,0,0,0,0,0,1,0,1,0,0,1,1,1,1,2,4,6,3,2,5,4,12,4,5,2,3,5,0,0,0,2,0,0,1
,No,168,232,247,274,265,236,235,227,190,122,128,118,123,157,177,140,106,172,154,117,131,138,118,110,136,149,92,117,105,33,2,3,0,1,2,0
,Type I,4,10,8,5,8,9,7,13,13,8,13,6,7,10,7,13,4,9,6,4,0,0,0,0,0,0,0,0,0,0,0,0,0,0,0,0
,Type II,101,98,114,130,122,86,74,88,68,59,56,43,42,43,43,28,33,18,13,7,1,0,0,0,0,0,0,0,0,0,0,0,0,0,0,0
,Type Other,1,0,0,1,3,0,0,0,3,1,0,0,1,0,0,0,1,0,0,0,0,0,0,0,0,0,0,0,0,0,0,0,0,0,0,0
,Type Unknown,0,0,0,0,1,1,2,0,2,0,1,1,3,2,8,5,14,17,42,44,50,34,46,43,57,49,31,30,24,13,0,0,0,0,0,0
,Unknown,0,0,0,0,0,0,0,0,0,0,0,0,0,0,0,0,0,0,0,0,0,1,2,2,6,4,10,9,30,118,157,206,211,173,188,212
Florida,All Diabetes,1456,1794,1514,1639,1579,1378,1151,1121,1113,980,949,929,976,994,902,942,906,828,903,835,711,650,742,664,695,630,632,565,582,473,462,464,462,463,430,397
,Diabetes Status Unknown,0,0,0,0,0,0,0,0,0,1,0,1,2,2,3,9,6,7,9,1,3,2,4,4,3,0,0,0,1,0,0,2,1,2,2,1
,No,974,1144,975,1055,1047,923,797,791,769,676,678,666,693,707,652,684,667,591,659,624,551,502,547,489,528,466,474,409,395,158,3,2,4,2,0,0
,Type I,21,23,30,27,32,22,16,16,11,21,21,24,17,22,19,22,28,21,16,10,1,1,0,0,0,0,1,0,0,0,0,0,0,0,1,0
,Type II,458,617,503,551,499,429,337,312,332,276,248,235,264,256,217,218,182,155,104,22,1,2,1,0,0,0,0,0,0,0,0,1,0,0,0,0
,Type Other,3,9,6,5,0,4,0,2,1,3,0,2,0,0,0,1,1,1,1,0,0,0,0,0,0,0,0,0,0,0,0,0,0,0,0,0
,Type Unknown,0,1,0,1,1,0,1,0,0,3,2,1,0,6,11,8,21,52,112,178,153,143,189,166,159,149,139,132,101,58,0,1,1,1,1,0
,Unknown,0,0,0,0,0,0,0,0,0,0,0,0,0,1,0,0,1,1,2,0,2,0,1,5,5,15,18,24,85,257,459,458,456,458,426,396
Georgia,All Diabetes,671,808,834,646,674,590,465,511,524,464,455,459,462,445,381,351,394,370,343,379,313,328,334,314,273,273,260,234,273,263,253,262,226,272,236,271
,Diabetes Status Unknown,1,0,0,0,0,0,0,0,0,0,0,0,0,0,0,0,2,0,2,5,3,2,1,0,1,1,0,1,1,0,0,0,0,1,1,2
,No,409,525,573,434,465,408,343,362,386,348,302,322,341,313,267,250,276,276,251,277,222,252,249,265,222,199,197,161,168,69,0,1,0,2,0,0
,Type I,19,15,14,15,16,14,8,18,12,6,9,7,12,10,11,9,16,13,9,4,0,0,1,0,0,0,0,0,0,0,0,0,0,1,0,1
,Type II,237,266,244,195,193,167,113,131,123,109,142,127,108,118,94,80,78,65,39,20,1,0,2,0,0,0,0,0,0,0,1,0,0,0,0,0
,Type Other,4,2,3,0,0,1,0,0,2,1,2,0,0,2,5,3,2,0,1,0,0,0,0,0,0,0,0,0,0,0,0,0,0,0,0,0
,Type Unknown,0,0,0,0,0,0,0,0,1,0,0,2,1,2,4,9,19,16,41,73,85,74,76,45,44,65,50,52,40,13,0,0,0,0,0,0
,Unknown,1,0,0,2,0,0,1,0,0,0,0,1,0,0,0,0,1,0,0,0,2,0,5,4,6,8,13,20,64,181,252,261,226,268,235,268
Hawaii,All Diabetes,32,63,46,42,41,54,46,49,51,60,44,16,40,45,46,53,42,53,70,41,49,59,45,38,48,34,28,29,17,26,21,37,27,25,33,16
,Diabetes Status Unknown,0,1,0,0,0,0,0,0,0,0,0,0,0,0,0,0,0,0,1,0,0,0,1,0,1,0,0,0,0,0,0,0,0,0,0,0
,No,18,42,29,22,34,34,33,34,32,34,29,10,22,27,28,34,20,33,47,25,27,46,33,30,34,25,22,18,12,5,1,0,0,0,0,0
,Type I,0,0,0,0,0,0,0,2,2,0,0,0,0,0,1,1,0,1,0,0,0,0,0,0,0,0,0,0,0,0,0,0,0,0,0,0
,Type II,14,19,17,20,7,20,12,13,17,25,15,5,17,15,17,12,15,4,6,1,0,0,0,0,0,0,0,0,0,0,0,0,0,0,0,0
,Type Other,0,1,0,0,0,0,0,0,0,0,0,0,0,0,0,0,0,0,0,0,0,0,0,0,0,0,0,0,0,0,0,0,0,0,0,0
,Type Unknown,0,0,0,0,0,0,1,0,0,1,0,1,1,3,0,6,7,15,16,15,22,12,11,8,13,6,4,4,0,1,0,0,0,0,0,0
,Unknown,0,0,0,0,0,0,0,0,0,0,0,0,0,0,0,0,0,0,0,0,0,1,0,0,0,3,2,7,5,20,20,37,27,25,33,16
Illinois,All Diabetes,1160,1263,1201,822,910,798,722,687,523,613,677,646,708,714,741,726,669,795,775,714,704,672,574,589,495,488,467,508,497,420,363,341,331,298,315,335
,Diabetes Status Unknown,0,0,1,0,0,0,1,2,1,4,26,19,35,89,106,82,43,13,19,17,38,14,6,11,7,2,7,5,7,5,2,1,0,1,0,0
,No,677,819,768,511,554,514,490,441,358,423,422,418,433,392,377,397,415,557,548,510,501,487,439,453,385,377,327,314,256,100,4,2,3,0,2,0
,Type I,30,19,23,20,17,26,13,25,8,13,24,22,38,53,75,48,40,37,31,10,1,2,1,1,0,0,0,0,0,0,0,0,0,0,0,0
,Type II,416,394,384,275,316,251,215,216,152,164,198,174,182,161,151,163,134,139,82,38,14,13,14,7,3,1,0,0,0,0,0,0,0,0,0,0
,Type Other,37,31,20,16,23,4,2,2,2,5,5,6,10,9,5,10,0,1,3,1,0,0,0,0,0,0,0,0,0,0,0,0,0,0,0,0
,Type Unknown,0,0,5,0,0,3,1,1,2,4,2,7,10,10,25,26,36,48,91,134,149,154,112,116,85,91,79,85,72,30,0,0,0,0,0,1
,Unknown,0,0,0,0,0,0,0,0,0,0,0,0,0,0,2,0,1,0,1,4,1,2,2,1,15,17,54,104,162,285,357,338,328,297,313,334
Indiana,All Diabetes,235,303,351,358,316,277,260,269,263,276,282,300,273,285,274,237,236,226,283,249,233,233,184,162,146,183,147,145,155,157,162,163,131,153,144,146
,Diabetes Status Unknown,0,0,0,0,1,0,0,0,0,0,1,0,0,1,1,0,0,0,1,2,9,1,3,8,2,0,0,0,0,0,0,1,1,0,1,0
,No,158,214,236,248,218,203,179,190,200,198,198,227,188,190,208,175,164,174,205,178,162,160,135,111,108,145,111,83,72,45,9,8,4,6,6,3
,Type I,7,3,9,11,9,8,11,9,9,12,11,9,17,21,15,6,10,7,16,3,0,0,0,0,0,0,0,0,0,0,0,0,0,0,0,0
,Type II,69,86,106,99,88,65,68,70,54,62,70,62,65,68,48,53,54,39,40,8,0,0,0,0,0,0,0,0,0,0,0,0,0,0,0,0
,Type Other,1,0,0,0,0,1,1,0,0,0,0,0,0,0,0,0,0,0,0,0,0,0,0,0,0,0,0,0,0,0,0,0,0,0,0,0
,Type Unknown,0,0,0,0,0,0,1,0,0,4,2,2,3,5,2,3,8,6,20,56,60,71,46,42,34,35,29,39,35,9,0,3,2,1,0,1
,Unknown,0,0,0,0,0,0,0,0,0,0,0,0,0,0,0,0,0,0,1,2,2,1,0,1,2,3,7,23,48,103,153,151,124,146,137,142
Iowa,All Diabetes,163,180,214,243,218,214,200,179,164,184,197,146,173,161,131,120,111,117,125,116,130,144,123,140,121,118,108,107,92,153,109,81,84,84,72,85
,Diabetes Status Unknown,0,0,0,0,0,0,0,0,0,0,0,0,0,0,0,1,0,0,0,0,0,0,0,0,0,0,0,0,1,0,0,0,0,0,0,0
,No,102,120,126,154,156,144,132,130,104,115,120,93,107,110,94,70,69,81,83,86,98,109,87,99,96,86,80,74,61,52,3,0,0,0,0,0
,Type I,9,4,13,7,10,5,4,5,12,11,10,5,5,6,5,10,7,5,3,0,0,0,0,0,0,0,0,0,0,0,0,0,0,0,0,0
,Type II,50,56,74,82,52,65,64,44,48,58,67,46,60,45,31,37,27,24,12,2,0,0,0,0,0,0,0,0,0,0,0,0,0,0,0,0
,Type Other,2,0,1,0,0,0,0,0,0,0,0,1,1,0,0,0,0,1,0,0,0,0,0,0,0,0,0,0,0,0,0,0,0,0,0,0
,Type Unknown,0,0,0,0,0,0,0,0,0,0,0,1,0,0,1,2,8,6,26,28,31,35,36,39,24,29,28,31,19,18,0,0,0,1,1,0
,Unknown,0,0,0,0,0,0,0,0,0,0,0,0,0,0,0,0,0,0,1,0,1,0,0,2,1,3,0,2,11,83,106,81,84,83,71,85
Kansas,All Diabetes,136,177,186,203,159,130,113,132,126,127,112,115,135,122,142,137,109,96,95,96,94,93,79,81,85,79,76,61,74,66,70,56,73,62,60,71
,Diabetes Status Unknown,0,0,0,0,0,0,0,0,0,0,0,0,0,0,0,1,0,0,0,2,2,2,2,10,0,0,0,0,0,0,0,0,1,0,0,0
,No,81,111,125,125,97,95,79,95,85,81,75,83,96,88,93,95,78,75,69,68,70,70,51,57,76,56,46,43,42,16,2,0,1,0,0,1
,Type I,7,6,3,8,5,4,2,4,7,1,5,3,5,3,8,5,6,5,6,2,0,0,0,0,0,0,0,0,0,0,0,0,0,0,0,0
,Type II,47,59,57,70,55,31,31,32,34,44,32,28,34,30,41,36,25,14,15,12,3,0,0,0,1,1,0,0,0,0,0,0,0,0,0,0
,Type Other,1,1,0,0,2,0,1,1,0,1,0,0,0,0,0,0,0,1,0,0,0,0,0,0,0,0,0,0,0,0,0,0,0,0,0,0
,Type Unknown,0,0,1,0,0,0,0,0,0,0,0,1,0,1,0,0,0,1,5,12,19,20,24,14,8,21,27,14,18,4,0,0,0,0,0,0
,Unknown,0,0,0,0,0,0,0,0,0,0,0,0,0,0,0,0,0,0,0,0,0,1,2,0,0,1,3,4,14,46,68,56,71,62,60,70
Kentucky,All Diabetes,168,177,163,208,168,204,183,155,148,145,150,151,145,168,160,135,141,140,160,121,156,152,150,135,124,149,148,143,146,145,162,140,160,115,100,94
,Diabetes Status Unknown,0,0,0,0,0,0,0,0,0,0,0,0,0,0,1,0,0,4,4,2,5,0,1,0,0,0,0,1,0,1,0,1,0,1,0,0
,No,96,108,102,148,91,132,114,99,107,84,103,98,102,111,113,85,101,80,118,90,103,115,101,103,95,120,112,100,115,53,2,1,1,0,1,1
,Type I,8,8,4,7,12,8,9,4,5,13,5,6,4,8,9,6,8,14,5,4,0,0,0,0,0,0,0,0,0,0,0,0,0,0,0,0
,Type II,64,61,57,53,65,64,60,52,36,48,42,47,38,49,37,43,30,34,16,10,23,18,30,0,0,0,0,0,0,0,0,1,0,0,0,0
,Type Other,0,0,0,0,0,0,0,0,0,0,0,0,1,0,0,0,0,0,0,0,0,0,0,0,0,0,0,0,0,0,0,0,0,0,0,0
,Type Unknown,0,0,0,0,0,0,0,0,0,0,0,0,0,0,0,1,2,8,17,15,25,19,18,32,29,29,32,36,21,16,0,0,0,0,0,0
,Unknown,0,0,0,0,0,0,0,0,0,0,0,0,0,0,0,0,0,0,0,0,0,0,0,0,0,0,4,6,10,75,160,137,159,114,99,93
Louisiana,All Diabetes,319,383,370,313,371,259,284,255,251,267,214,229,247,276,271,260,279,257,263,320,272,227,245,222,177,166,191,177,192,205,174,172,164,154,120,132
,Diabetes Status Unknown,0,0,0,0,0,0,0,0,0,0,0,1,1,2,3,0,3,2,0,3,3,2,0,2,0,0,1,0,0,0,1,1,0,1,0,0
,No,214,265,252,216,243,185,184,176,186,177,142,162,171,199,186,177,204,184,194,245,215,180,192,169,134,124,143,124,134,53,0,2,1,0,1,1
,Type I,10,13,6,9,7,7,5,7,8,6,9,12,20,7,5,10,14,13,10,7,0,0,0,0,1,0,0,0,0,0,0,1,0,0,0,0
,Type II,91,98,104,84,115,65,91,68,54,83,61,53,55,66,75,69,53,36,24,9,0,0,0,0,1,0,0,0,0,0,0,0,0,0,0,0
,Type Other,4,7,8,4,6,2,4,4,2,0,0,1,0,1,0,1,0,0,0,1,0,0,0,0,0,0,0,0,0,0,0,0,0,0,0,0
,Type Unknown,0,0,0,0,0,0,0,0,1,1,2,0,0,1,2,3,5,22,35,55,54,45,49,49,36,36,39,31,20,24,1,0,0,0,0,0
,Unknown,0,0,0,0,0,0,0,0,0,0,0,0,0,0,0,0,0,0,0,0,0,0,4,2,5,6,8,22,38,128,172,168,163,153,119,131
Maine,All Diabetes,37,45,51,45,41,42,52,36,44,55,38,45,46,41,58,44,57,69,50,58,61,58,83,57,53,50,32,31,33,47,31,31,44,40,41,35
,Diabetes Status Unknown,0,0,0,0,0,0,0,0,0,0,0,0,0,0,0,0,1,1,0,0,0,0,0,0,0,0,0,0,0,0,0,0,0,0,0,0
,No,20,35,37,33,24,30,31,27,33,44,25,33,37,32,38,35,41,55,40,45,41,40,63,34,39,37,23,19,20,10,1,0,0,0,0,0
,Type I,5,2,2,3,3,2,3,4,2,2,5,3,3,4,10,3,6,3,1,2,0,0,0,0,0,0,0,0,0,0,1,0,0,0,0,0
,Type II,10,7,11,9,14,10,18,5,9,9,8,9,6,5,10,6,9,9,6,3,0,0,0,0,0,0,0,0,0,0,0,0,0,0,0,0
,Type Other,2,1,1,0,0,0,0,0,0,0,0,0,0,0,0,0,0,1,0,0,0,0,0,0,0,0,0,0,0,0,0,0,0,0,0,0
,Type Unknown,0,0,0,0,0,0,0,0,0,0,0,0,0,0,0,0,0,0,3,8,20,18,20,23,14,12,9,11,10,6,1,0,0,0,0,0
,Unknown,0,0,0,0,0,0,0,0,0,0,0,0,0,0,0,0,0,0,0,0,0,0,0,0,0,1,0,1,3,31,28,31,44,40,41,35
Maryland,All Diabetes,330,404,417,360,394,440,432,418,518,500,495,503,462,418,505,388,430,449,403,403,363,447,569,603,518,378,318,285,242,205,194,149,111,91,91,106
,Diabetes Status Unknown,0,0,0,0,0,0,0,0,0,0,0,0,0,3,11,6,9,20,19,17,19,16,13,13,3,0,0,1,0,3,0,0,0,0,0,0
,No,203,264,279,233,257,282,260,296,317,300,319,351,314,289,326,264,280,296,277,256,226,291,361,385,343,239,194,160,115,29,0,0,0,0,1,0
,Type I,11,5,9,10,5,14,13,10,15,20,19,21,23,16,40,26,32,31,15,11,0,0,0,2,0,0,0,0,0,1,0,0,0,0,0,0
,Type II,102,113,110,95,113,127,148,110,183,178,155,129,122,102,115,82,84,55,48,17,0,1,0,0,0,0,0,0,0,0,0,0,0,0,0,0
,Type Other,14,21,19,20,17,17,11,2,2,0,0,1,1,2,6,0,2,0,1,1,0,0,0,0,0,0,0,0,0,0,0,0,0,0,0,0
,Type Unknown,0,1,0,2,2,0,0,0,1,2,2,1,2,6,6,10,23,45,43,101,118,138,193,195,147,106,91,68,46,13,0,0,0,0,0,0
,Unknown,0,0,0,0,0,0,0,0,0,0,0,0,0,0,1,0,0,2,0,0,0,1,2,8,25,33,33,56,81,159,194,149,111,91,90,106
Massachusetts,All Diabetes,499,609,530,427,540,500,489,485,428,452,417,376,389,438,447,397,452,451,439,412,404,358,395,348,323,337,379,365,332,345,322,327,350,340,353,308
,Diabetes Status Unknown,0,0,0,0,0,0,0,0,0,0,0,0,0,2,2,3,4,4,0,5,3,1,1,3,7,4,1,3,0,1,1,1,3,4,4,6
,No,329,422,362,304,371,353,351,330,325,317,280,255,264,309,313,272,313,328,303,280,279,264,280,252,224,231,243,218,181,75,6,3,4,1,1,1
,Type I,25,18,21,13,17,24,20,22,23,27,22,20,15,28,26,36,35,30,33,13,7,1,0,1,0,1,0,0,0,0,0,0,0,0,0,1
,Type II,129,156,136,106,146,120,114,129,76,100,106,94,102,92,92,74,73,46,40,17,7,0,1,0,0,0,0,0,0,0,0,0,1,1,0,0
,Type Other,16,13,11,4,4,3,2,2,1,2,3,0,2,0,2,0,0,1,0,0,0,0,0,0,0,0,0,0,0,0,0,0,0,0,0,0
,Type Unknown,0,0,0,0,2,0,2,2,3,6,6,7,6,7,12,12,27,42,60,94,105,91,108,83,83,82,74,64,52,29,0,0,0,1,0,0
,Unknown,0,0,0,0,0,0,0,0,0,0,0,0,0,0,0,0,0,0,3,3,3,1,5,9,9,19,61,80,99,240,315,323,342,333,348,300
Michigan,All Diabetes,579,581,514,499,580,634,547,607,566,555,590,566,520,521,595,578,571,588,573,594,549,541,492,481,465,465,453,419,430,403,388,398,402,331,310,286
,Diabetes Status Unknown,0,0,0,0,0,0,0,0,0,0,0,0,9,2,4,1,2,3,2,1,6,0,0,0,1,0,1,0,0,0,0,0,0,1,0,0
,No,376,372,335,337,365,426,360,377,395,357,377,358,318,337,384,392,347,392,384,381,376,371,340,341,294,285,272,225,204,64,1,3,7,0,2,0
,Type I,23,23,31,22,29,27,29,31,25,24,25,24,36,27,31,37,44,41,27,23,3,0,0,0,0,0,0,0,1,0,1,0,0,0,0,0
,Type II,171,183,147,139,185,176,157,198,143,169,182,179,155,148,165,133,142,109,84,33,7,6,2,0,0,0,1,0,0,0,0,0,0,0,0,0
,Type Other,8,3,1,1,0,2,1,0,1,1,0,2,0,0,1,5,0,0,1,0,0,0,0,0,0,0,0,0,0,0,0,0,0,0,0,0
,Type Unknown,1,0,0,0,1,3,0,1,2,4,6,3,1,7,10,10,36,43,74,154,154,159,145,134,153,134,106,92,72,27,1,0,0,0,0,0
,Unknown,0,0,0,0,0,0,0,0,0,0,0,0,1,0,0,0,0,0,1,2,3,5,5,6,17,46,73,102,153,312,385,395,395,330,308,286
Minnesota,All Diabetes,507,601,541,454,506,463,492,496,464,399,388,406,425,457,447,464,482,563,551,574,553,491,533,489,406,373,358,365,367,333,354,330,337,311,273,264
,Diabetes Status Unknown,0,0,0,0,0,0,0,0,1,0,0,3,5,0,1,0,1,4,0,1,1,1,6,31,15,1,1,1,1,1,0,0,0,0,0,0
,No,367,427,397,346,369,348,368,377,342,292,288,295,289,329,325,329,335,370,375,386,362,319,351,306,267,259,241,224,186,94,1,0,2,1,0,0
,Type I,13,12,30,20,29,22,16,30,36,26,31,29,32,30,34,56,58,78,59,34,1,2,0,1,1,2,0,0,0,0,0,0,0,0,0,0
,Type II,120,155,109,86,105,91,106,89,84,79,66,77,96,91,85,73,72,72,73,24,3,0,0,0,0,0,0,0,0,0,0,0,0,0,0,0
,Type Other,7,7,5,2,2,2,1,0,1,1,1,1,1,2,0,0,0,0,2,0,0,0,0,0,0,0,0,0,0,0,0,0,0,0,0,0
,Type Unknown,0,0,0,0,1,0,1,0,0,1,2,1,2,5,2,6,16,39,42,127,186,169,174,147,116,101,90,85,100,50,0,0,1,2,0,0
,Unknown,0,0,0,0,0,0,0,0,0,0,0,0,0,0,0,0,0,0,0,2,0,0,2,4,7,10,26,55,80,188,353,330,334,308,273,264
Mississippi,All Diabetes,125,132,139,125,124,129,122,140,84,85,103,103,71,55,75,87,102,10,14,26,28,34,30,24,31,48,27,40,38,47,28,13,24,22,14,21
,Diabetes Status Unknown,0,0,0,0,0,0,0,0,0,0,1,0,1,0,4,0,0,1,0,0,0,0,0,0,0,0,1,0,0,0,0,0,1,0,0,0
,No,78,75,83,71,69,89,79,90,60,53,63,71,44,41,57,60,78,7,7,21,20,28,24,15,24,39,20,26,25,5,0,0,0,0,0,0
,Type I,0,1,5,3,1,1,2,1,2,0,3,3,4,2,3,6,2,0,1,0,0,0,0,0,0,0,0,0,0,0,0,0,0,0,0,0
,Type II,44,53,45,46,48,39,40,45,21,26,12,15,10,7,8,20,16,1,1,1,0,0,0,0,0,0,0,0,0,0,0,0,0,0,0,0
,Type Other,3,3,5,5,5,0,0,0,0,1,0,0,0,0,0,0,0,0,0,0,0,0,0,0,0,0,0,0,0,0,0,0,0,0,0,0
,Type Unknown,0,0,1,0,1,0,1,4,1,5,24,14,12,5,3,1,6,1,5,4,8,5,5,9,6,1,4,8,3,0,0,0,0,0,0,0
,Unknown,0,0,0,0,0,0,0,0,0,0,0,0,0,0,0,0,0,0,0,0,0,1,1,0,1,8,2,6,10,42,28,13,23,22,14,21
Missouri,All Diabetes,479,570,545,582,615,510,496,442,401,387,349,385,399,391,423,380,420,432,364,345,256,273,309,332,342,344,316,271,314,327,280,214,240,232,237,241
,Diabetes Status Unknown,1,0,0,0,0,0,0,0,0,0,0,0,0,0,2,0,0,1,0,0,0,0,0,0,0,0,0,0,0,0,0,0,0,0,0,0
,No,288,358,341,359,389,337,375,305,293,252,233,264,277,295,283,279,308,316,281,251,192,211,234,246,250,238,236,164,167,80,20,0,2,2,1,2
,Type I,17,14,17,11,21,12,9,12,10,13,12,11,15,14,16,15,18,8,15,6,0,0,0,0,0,1,0,0,0,0,0,0,0,0,0,0
,Type II,166,188,186,210,204,160,112,120,97,120,104,103,102,70,119,82,76,79,31,7,0,0,1,0,0,0,0,0,0,0,0,0,0,0,0,0
,Type Other,7,10,1,1,1,1,0,4,1,2,0,2,0,1,0,1,2,0,1,0,0,0,0,0,0,0,0,0,0,0,0,0,0,0,0,0
,Type Unknown,0,0,0,1,0,0,0,1,0,0,0,5,5,11,3,3,16,28,35,81,62,60,73,84,90,96,73,75,79,27,5,0,0,0,0,0
,Unknown,0,0,0,0,0,0,0,0,0,0,0,0,0,0,0,0,0,0,1,0,2,2,1,2,2,9,7,32,68,220,255,214,238,230,236,239
Nebraska,All Diabetes,135,144,155,151,166,137,155,109,131,139,164,149,125,126,134,99,118,151,100,111,97,85,90,87,80,76,68,87,74,63,71,59,58,42,50,65
,Diabetes Status Unknown,0,0,0,0,0,0,0,0,0,0,0,0,0,0,1,0,1,1,1,0,0,0,1,1,0,0,0,0,0,0,0,1,0,0,0,2
,No,90,96,91,83,100,86,108,75,82,93,110,97,82,94,90,73,80,93,78,80,67,57,65,66,63,52,41,61,46,19,1,0,0,0,0,0
,Type I,6,5,10,10,11,10,9,5,8,6,8,9,6,6,8,4,7,15,5,4,0,0,0,0,0,0,0,0,0,0,0,0,0,0,0,0
,Type II,39,43,54,58,54,41,38,29,39,38,44,41,35,24,35,21,29,27,10,2,0,0,0,0,0,0,0,0,0,0,0,0,0,0,0,0
,Type Other,0,0,0,0,1,0,0,0,2,2,1,2,2,1,0,0,1,0,0,0,0,0,0,0,0,0,0,0,0,0,0,0,0,0,0,0
,Type Unknown,0,0,0,0,0,0,0,0,0,0,1,0,0,1,0,1,0,15,6,25,30,28,24,20,17,22,26,20,19,7,0,0,0,0,0,0
,Unknown,0,0,0,0,0,0,0,0,0,0,0,0,0,0,0,0,0,0,0,0,0,0,0,0,0,2,1,6,9,37,70,58,58,42,50,63
Nevada,All Diabetes,145,141,138,91,43,47,64,63,78,61,59,60,45,47,45,44,65,69,66,65,58,66,67,62,53,56,60,45,29,39,48,41,34,24,1,0
,Diabetes Status Unknown,0,0,0,0,0,0,0,0,0,0,0,0,0,0,0,0,0,2,1,0,1,3,3,3,0,0,0,0,0,0,0,0,0,0,0,0
,No,87,83,83,58,34,37,45,44,52,38,41,45,34,37,36,37,46,44,50,45,38,37,41,46,38,39,39,27,16,15,0,0,0,0,0,0
,Type I,1,3,4,2,1,0,1,2,5,3,3,0,3,3,5,3,5,8,2,2,1,0,0,0,0,0,0,0,0,0,0,0,0,0,0,0
,Type II,52,52,49,31,8,10,18,16,18,13,8,12,5,3,1,4,8,9,4,3,0,0,0,0,0,0,0,0,0,0,0,0,0,0,0,0
,Type Other,5,3,1,0,0,0,0,0,0,0,0,0,0,0,0,0,1,0,1,1,0,0,0,0,0,0,0,0,0,0,0,0,0,0,0,0
,Type Unknown,0,0,1,0,0,0,0,1,3,7,7,3,3,4,3,0,5,6,8,14,18,26,23,12,15,17,16,7,8,3,0,0,0,0,0,0
,Unknown,0,0,0,0,0,0,0,0,0,0,0,0,0,0,0,0,0,0,0,0,0,0,0,1,0,0,5,11,5,21,48,41,34,24,1,0
New Hampshire,All Diabetes,22,23,25,22,26,20,16,40,48,35,32,34,50,53,49,35,50,46,40,36,35,31,25,21,20,26,20,30,26,23,27,4,0,0,0,0
,Diabetes Status Unknown,0,0,0,0,0,0,0,0,0,0,0,0,0,0,0,0,0,2,0,0,0,0,0,0,0,0,0,0,0,0,0,0,0,0,0,0
,No,14,19,19,14,20,18,5,28,32,20,20,18,36,39,33,25,36,37,26,27,21,19,19,17,13,20,18,20,12,8,0,0,0,0,0,0
,Type I,2,0,2,1,2,1,4,2,4,5,4,3,5,6,6,2,4,1,4,1,0,0,0,0,0,0,0,0,0,0,1,0,0,0,0,0
,Type II,6,4,4,7,4,1,6,10,12,10,8,13,9,8,7,6,10,3,4,0,0,0,0,0,0,0,0,0,0,0,0,0,0,0,0,0
,Type Other,0,0,0,0,0,0,1,0,0,0,0,0,0,0,0,0,0,0,0,0,0,0,0,0,0,0,0,0,0,0,0,0,0,0,0,0
,Type Unknown,0,0,0,0,0,0,0,0,0,0,0,0,0,0,3,2,0,3,6,7,14,12,6,4,6,5,1,9,8,1,0,0,0,0,0,0
,Unknown,0,0,0,0,0,0,0,0,0,0,0,0,0,0,0,0,0,0,0,1,0,0,0,0,1,1,1,1,6,14,26,4,0,0,0,0
New Jersey,All Diabetes,721,710,576,502,562,432,465,443,420,335,371,394,432,437,447,433,431,386,418,440,351,357,374,358,320,231,235,209,186,179,162,129,133,114,94,90
,Diabetes Status Unknown,0,0,0,0,0,0,0,0,0,0,0,0,1,3,7,20,10,5,8,7,1,1,3,4,1,0,0,2,0,0,0,0,0,0,0,0
,No,429,455,375,312,356,286,301,295,291,221,236,257,269,300,303,267,289,254,292,304,254,262,279,257,239,176,175,154,122,31,2,3,3,0,0,1
,Type I,12,18,18,10,16,13,20,18,18,14,19,12,18,18,28,24,24,19,18,8,0,0,0,0,0,0,0,0,0,0,0,0,0,0,0,0
,Type II,276,232,181,177,187,132,136,127,108,98,107,114,133,109,95,84,68,47,43,14,2,0,0,0,0,0,0,1,0,0,0,0,0,0,0,0
,Type Other,3,5,2,2,2,1,8,3,3,2,5,5,5,2,1,2,3,0,1,0,0,0,0,0,0,0,0,0,0,0,0,0,0,0,0,0
,Type Unknown,1,0,0,1,1,0,0,0,0,0,4,6,6,5,13,36,37,61,56,107,94,93,91,93,72,44,38,33,21,8,0,0,0,0,0,0
,Unknown,0,0,0,0,0,0,0,0,0,0,0,0,0,0,0,0,0,0,0,0,0,1,1,4,8,11,22,19,43,140,160,126,130,114,94,89
New Mexico,All Diabetes,83,91,95,85,86,72,87,86,66,87,65,62,78,78,96,82,72,78,68,64,53,58,60,69,57,59,51,85,82,66,49,53,72,58,50,65
,Diabetes Status Unknown,0,0,0,0,0,0,0,0,0,0,0,0,0,0,0,0,1,0,0,0,1,0,0,0,0,0,0,0,0,0,0,0,0,0,0,0
,No,48,59,60,48,50,35,56,57,35,52,43,38,44,47,51,51,49,53,39,38,34,34,31,41,39,33,31,50,50,8,0,0,0,0,0,0
,Type I,2,2,0,3,2,3,1,2,3,1,4,3,6,5,5,1,2,3,4,2,0,0,0,0,0,0,0,0,0,0,0,0,0,0,0,0
,Type II,31,30,35,34,34,34,29,26,28,34,17,21,27,26,36,25,13,10,2,0,0,0,0,0,1,0,0,0,0,0,0,0,0,0,0,0
,Type Other,2,0,0,0,0,0,0,1,0,0,0,0,1,0,0,1,0,0,0,0,0,0,0,0,0,0,0,0,0,0,0,0,0,0,0,0
,Type Unknown,0,0,0,0,0,0,1,0,0,0,1,0,0,0,4,4,7,12,23,24,18,24,29,28,17,25,19,30,15,5,1,0,0,0,1,0
,Unknown,0,0,0,0,0,0,0,0,0,0,0,0,0,0,0,0,0,0,0,0,0,0,0,0,0,1,1,5,17,53,48,53,72,58,49,65
New York,All Diabetes,1755,1988,1961,1444,1664,1696,1468,1421,1284,1197,1102,1167,1185,1176,1244,1292,1330,1338,1207,1008,886,931,900,827,832,801,756,690,732,688,634,609,558,565,528,531
,Diabetes Status Unknown,0,1,0,0,0,0,0,0,0,1,1,4,6,2,3,16,40,114,143,111,91,82,62,55,58,49,30,26,2,5,2,2,0,1,1,1
,No,1032,1247,1301,933,1064,1102,1006,929,873,830,744,791,807,773,854,871,901,865,741,641,577,603,647,564,567,532,457,412,370,165,7,2,9,4,6,3
,Type I,52,37,57,47,47,60,49,53,49,63,57,79,97,87,96,106,90,81,56,26,1,0,0,0,0,1,0,1,0,0,1,0,0,0,0,0
,Type II,644,692,594,459,541,515,394,421,344,287,278,273,266,286,260,258,221,184,123,38,0,1,3,0,1,0,0,0,0,0,0,0,0,0,0,0
,Type Other,25,11,8,5,11,18,18,17,17,14,12,8,2,3,4,1,1,0,2,0,0,0,0,0,0,0,0,0,0,0,0,0,0,0,0,0
,Type Unknown,2,0,1,0,1,1,1,1,1,2,10,12,7,25,26,40,76,90,141,188,215,231,173,176,158,141,144,91,91,34,2,1,1,1,0,0
,Unknown,0,0,0,0,0,0,0,0,0,0,0,0,0,0,1,0,1,4,1,4,2,14,15,32,48,78,125,160,269,484,622,604,548,559,521,527
North Carolina,All Diabetes,752,794,753,772,764,627,597,565,558,580,509,530,568,606,495,524,457,460,452,406,416,369,336,335,310,335,295,284,251,305,202,218,245,197,185,203
,Diabetes Status Unknown,0,0,0,0,0,0,0,0,0,0,1,0,1,1,1,0,0,0,2,1,0,0,2,1,0,4,2,1,2,2,0,0,0,0,0,1
,No,480,519,490,535,507,417,409,360,379,393,341,371,379,418,361,361,332,354,329,301,307,276,252,230,237,237,185,159,128,87,5,4,1,2,2,3
,Type I,10,23,19,22,20,20,19,18,16,28,14,13,28,26,19,22,9,16,14,11,0,0,0,0,0,0,0,0,0,1,0,0,0,0,0,0
,Type II,256,247,241,210,232,184,160,165,132,121,126,122,146,137,96,110,83,58,50,12,0,1,1,1,0,0,0,0,0,0,0,0,0,0,0,0
,Type Other,6,5,3,3,4,5,6,19,24,17,13,4,0,5,0,0,2,0,0,0,0,0,0,0,0,0,0,0,0,0,0,0,0,0,0,0
,Type Unknown,0,0,0,2,1,1,3,3,7,21,14,20,14,19,17,31,31,32,56,79,109,90,75,91,64,73,60,58,40,25,1,0,0,0,0,1
,Unknown,0,0,0,0,0,0,0,0,0,0,0,0,0,0,1,0,0,0,1,2,0,2,6,12,9,21,48,66,81,190,196,214,244,195,183,198
North Dakota,All Diabetes,54,47,45,25,41,41,47,45,51,42,36,23,46,37,43,37,44,50,54,48,65,62,61,26,30,39,27,43,31,41,34,28,23,24,9,1
,No,38,30,24,20,25,27,31,29,34,24,16,14,21,22,27,21,24,33,30,24,33,31,34,16,17,21,18,25,19,11,0,0,0,0,0,0
,Type I,1,3,3,2,1,3,4,2,4,3,7,2,7,5,5,1,7,5,3,0,0,0,0,0,0,0,0,0,0,0,0,0,1,0,0,0
,Type II,15,13,18,3,15,11,12,14,11,15,13,7,18,9,11,15,11,8,12,0,0,0,0,0,0,0,0,0,0,0,0,0,0,0,0,0
,Type Other,0,1,0,0,0,0,0,0,1,0,0,0,0,0,0,0,0,0,0,0,0,0,0,0,0,0,0,0,0,0,0,0,0,0,0,0
,Type Unknown,0,0,0,0,0,0,0,0,1,0,0,0,0,1,0,0,2,4,9,24,32,31,27,10,13,17,8,16,9,2,0,0,0,0,0,0
,Unknown,0,0,0,0,0,0,0,0,0,0,0,0,0,0,0,0,0,0,0,0,0,0,0,0,0,1,1,2,3,28,34,28,22,24,9,1
Ohio,All Diabetes,1111,1209,1214,1138,1041,881,768,672,622,658,687,688,647,680,640,693,692,753,722,694,624,695,658,642,535,556,547,534,517,468,472,515,463,481,383,481
,Diabetes Status Unknown,0,0,0,0,0,0,0,0,0,0,0,0,0,0,2,7,6,2,13,9,14,22,4,2,1,1,2,2,1,4,0,2,0,4,2,2
,No,655,700,731,651,683,574,489,469,424,446,473,479,443,460,459,468,463,503,473,454,428,450,461,470,398,396,381,350,307,129,7,6,2,2,1,2
,Type I,34,44,56,47,28,36,23,20,27,23,27,29,26,34,25,31,56,49,43,41,18,12,6,0,0,1,0,0,0,0,0,0,0,0,0,0
,Type II,415,464,423,435,325,265,250,178,168,188,187,179,172,177,148,166,141,154,136,65,30,35,15,0,1,0,0,0,0,0,0,0,0,0,0,0
,Type Other,7,1,4,5,5,6,5,5,3,1,0,0,1,3,0,1,1,1,1,0,0,0,0,0,0,0,0,0,0,0,0,0,0,0,0,0
,Type Unknown,0,0,0,0,0,0,1,0,0,0,0,1,5,6,6,19,25,44,56,125,134,174,166,170,126,126,122,122,82,42,0,0,0,0,0,0
,Unknown,0,0,0,0,0,0,0,0,0,0,0,0,0,0,0,1,0,0,0,0,0,2,6,0,9,32,42,60,127,293,465,507,461,475,380,477
Oklahoma,All Diabetes,167,184,166,193,218,194,224,209,225,209,174,173,177,167,148,127,120,104,120,120,147,133,138,110,119,109,86,110,140,140,128,110,102,111,99,118
,Diabetes Status Unknown,0,0,0,0,0,0,1,0,0,0,0,0,0,0,0,0,1,0,0,0,0,0,0,0,0,0,1,0,0,0,1,3,1,0,0,0
,No,111,122,116,132,121,128,133,141,143,146,111,106,128,110,100,86,80,70,78,80,94,99,111,75,87,71,60,71,73,22,4,2,2,6,2,2
,Type I,3,5,6,4,7,3,8,6,8,7,8,11,7,7,10,3,11,12,6,0,1,0,0,0,0,0,0,0,0,0,0,0,0,0,0,0
,Type II,51,57,44,57,90,63,82,60,72,54,53,56,39,48,37,37,24,15,11,2,0,0,0,0,0,0,0,0,0,0,0,0,0,0,0,0
,Type Other,2,0,0,0,0,0,0,1,1,0,1,0,1,0,1,0,0,0,0,0,0,0,0,0,0,0,0,0,0,0,0,0,0,0,0,0
,Type Unknown,0,0,0,0,0,0,0,1,1,2,1,0,2,2,0,1,4,7,25,38,51,34,27,33,30,36,24,28,26,16,2,2,0,0,1,1
,Unknown,0,0,0,0,0,0,0,0,0,0,0,0,0,0,0,0,0,0,0,0,1,0,0,2,2,2,1,11,41,102,121,103,99,105,96,115
Oregon,All Diabetes,325,291,279,317,296,239,232,232,211,200,206,188,197,187,224,193,207,219,217,194,254,233,222,188,155,131,140,125,138,128,130,133,116,107,105,121
,Diabetes Status Unknown,0,0,0,0,0,0,0,0,0,0,0,0,0,0,0,0,1,0,0,0,0,0,0,1,0,0,0,1,9,16,9,3,1,2,0,1
,No,213,202,186,208,203,179,184,177,148,139,137,127,126,128,163,142,147,152,151,119,195,153,155,143,110,95,101,92,89,47,10,1,3,0,0,0
,Type I,12,8,12,8,8,5,6,8,9,6,7,9,10,10,7,9,12,13,18,4,1,2,0,0,0,0,0,0,0,0,0,0,0,0,0,0
,Type II,97,81,76,96,82,53,41,47,54,55,60,52,61,48,53,40,42,49,30,13,0,0,0,0,0,0,0,0,0,0,0,0,0,0,0,0
,Type Other,3,0,5,5,3,2,1,0,0,0,1,0,0,0,0,0,0,0,0,0,0,0,0,0,0,0,0,0,0,0,0,0,0,0,0,0
,Type Unknown,0,0,0,0,0,0,0,0,0,0,1,0,0,1,1,2,5,5,18,58,58,78,67,44,45,33,35,32,32,19,4,0,0,0,0,0
,Unknown,0,0,0,0,0,0,0,0,0,0,0,0,0,0,0,0,0,0,0,0,0,0,0,0,0,3,4,0,8,46,107,129,112,105,105,120
Pennsylvania,All Diabetes,926,1085,995,1116,1204,1103,1103,1071,1051,975,969,844,853,932,998,1046,1014,1223,1080,1053,1059,1017,920,822,815,779,781,797,704,647,712,729,697,653,605,668
,Diabetes Status Unknown,0,0,0,0,0,0,1,1,1,1,3,2,5,12,23,20,21,22,51,44,30,26,35,38,17,10,9,5,10,10,5,7,15,7,5,2
,No,607,710,643,726,773,737,757,689,730,634,608,561,559,579,635,666,629,806,710,676,743,676,655,588,584,545,512,481,336,133,8,8,5,2,3,3
,Type I,40,51,36,32,57,48,42,39,33,36,60,45,52,53,62,63,76,55,41,22,1,0,1,0,0,0,0,0,0,0,0,1,0,1,1,0
,Type II,263,307,302,348,366,315,296,332,280,290,272,227,214,239,218,250,190,185,102,39,1,2,0,1,2,0,0,0,1,0,0,0,0,0,0,0
,Type Other,15,16,14,9,6,2,5,4,2,0,1,1,0,2,4,2,6,6,1,0,0,0,0,0,0,0,0,0,0,0,0,0,0,0,0,0
,Type Unknown,1,1,0,1,2,1,2,6,5,14,25,8,23,47,56,45,92,148,174,272,282,310,223,192,202,195,177,154,97,37,4,1,0,2,1,1
,Unknown,0,0,0,0,0,0,0,0,0,0,0,0,0,0,0,0,0,1,1,0,2,3,6,3,10,29,83,157,260,467,695,712,677,641,595,662
Puerto Rico,All Diabetes,56,53,66,65,69,68,62,82,82,87,98,85,80,80,80,87,95,75,109,86,84,68,91,68,56,71,41,25,37,32,37,38,36,35,34,30
,Diabetes Status Unknown,0,0,0,0,0,0,0,1,0,0,0,0,0,0,0,0,0,0,0,0,0,0,0,0,1,0,0,0,0,0,0,0,0,0,0,0
,No,40,42,47,45,43,50,46,55,56,57,60,60,53,58,65,62,71,56,78,63,72,55,72,57,42,56,31,18,33,14,0,0,0,0,0,1
,Type I,1,0,1,2,1,1,3,3,2,3,4,0,2,5,3,10,7,2,7,2,0,0,0,0,0,0,0,0,0,0,0,0,0,0,0,0
,Type II,15,11,18,18,25,16,13,21,23,25,31,23,21,14,11,13,13,8,4,5,0,0,0,0,0,0,0,0,0,0,0,0,0,0,0,0
,Type Other,0,0,0,0,0,1,0,1,0,0,0,0,0,0,0,1,1,3,0,0,0,0,0,0,0,0,0,0,0,0,0,0,0,0,0,0
,Type Unknown,0,0,0,0,0,0,0,1,1,2,3,2,4,3,1,1,3,6,20,16,12,12,17,8,11,7,8,5,1,3,0,0,0,0,0,0
,Unknown,0,0,0,0,0,0,0,0,0,0,0,0,0,0,0,0,0,0,0,0,0,1,2,3,2,8,2,2,3,15,37,38,36,35,34,29
Rhode Island,All Diabetes,46,57,51,50,60,63,49,60,45,61,40,65,48,48,51,39,46,65,71,70,66,85,84,63,53,52,37,0,0,0,0,0,0,0,0,0
,Diabetes Status Unknown,0,0,0,0,0,0,0,0,0,0,0,1,3,1,2,0,0,2,2,1,0,1,1,0,1,0,0,0,0,0,0,0,0,0,0,0
,No,30,40,36,33,44,41,39,48,33,45,28,45,31,31,36,26,28,47,47,50,46,59,54,47,39,30,19,0,0,0,0,0,0,0,0,0
,Type I,0,2,4,3,2,5,1,1,1,1,1,2,5,4,4,4,2,2,5,1,0,0,0,0,0,0,0,0,0,0,0,0,0,0,0,0
,Type II,11,9,7,11,12,10,6,8,6,7,6,8,7,7,4,7,7,1,4,1,0,0,0,0,0,0,0,0,0,0,0,0,0,0,0,0
,Type Other,2,0,0,1,2,1,2,1,4,0,1,1,0,0,0,0,0,0,0,0,0,0,0,0,0,0,0,0,0,0,0,0,0,0,0,0
,Type Unknown,3,6,4,2,0,6,1,2,1,8,4,8,2,5,5,2,9,13,12,17,20,25,29,16,12,17,9,0,0,0,0,0,0,0,0,0
,Unknown,0,0,0,0,0,0,0,0,0,0,0,0,0,0,0,0,0,0,1,0,0,0,0,0,1,5,9,0,0,0,0,0,0,0,0,0
South Carolina,All Diabetes,397,442,410,323,285,239,264,177,207,187,167,179,202,178,153,171,182,179,150,138,129,121,163,160,158,137,125,134,101,125,106,109,80,100,66,92
,Diabetes Status Unknown,0,0,0,0,1,0,0,0,0,0,0,0,1,0,0,1,1,0,0,0,0,0,0,2,0,0,0,0,0,0,0,0,0,0,0,0
,No,218,258,235,198,168,145,146,108,138,120,104,118,141,119,99,113,128,134,105,98,99,102,125,124,122,100,83,84,56,30,4,4,2,2,2,0
,Type I,8,14,13,8,11,9,10,3,6,3,5,4,7,9,8,3,6,2,8,9,0,0,0,0,0,0,0,0,0,0,0,0,0,0,0,0
,Type II,170,170,162,116,103,83,107,64,60,63,56,55,49,50,44,50,39,33,25,15,0,1,0,0,0,0,0,0,0,0,0,0,0,1,0,0
,Type Other,1,0,0,1,1,2,0,1,1,1,0,1,1,0,0,1,1,1,0,0,0,0,0,0,0,0,0,0,0,0,0,0,0,0,0,0
,Type Unknown,0,0,0,0,1,0,1,1,2,0,2,1,3,0,2,3,7,9,12,16,28,18,36,31,30,28,33,24,14,3,1,1,0,0,0,0
,Unknown,0,0,0,0,0,0,0,0,0,0,0,0,0,0,0,0,0,0,0,0,2,0,2,3,6,9,9,26,31,92,101,104,78,97,64,92
South Dakota,All Diabetes,43,57,59,46,57,53,59,45,51,44,33,47,55,34,44,32,41,46,57,53,50,39,25,27,34,29,16,17,14,15,5,0,0,0,0,0
,No,32,37,34,34,45,29,35,33,36,28,18,30,32,22,21,24,19,23,28,30,30,20,18,23,19,16,11,11,8,6,0,0,0,0,0,0
,Type I,1,2,6,1,2,2,4,2,0,2,2,6,4,2,3,0,3,2,4,3,0,0,0,0,0,0,0,0,0,0,0,0,0,0,0,0
,Type II,9,18,19,11,10,22,20,9,15,14,13,11,19,9,20,8,18,15,9,0,0,0,0,0,0,0,0,0,0,0,0,0,0,0,0,0
,Type Other,1,0,0,0,0,0,0,1,0,0,0,0,0,1,0,0,0,1,1,0,0,0,0,0,0,0,0,0,0,0,0,0,0,0,0,0
,Type Unknown,0,0,0,0,0,0,0,0,0,0,0,0,0,0,0,0,1,5,15,20,20,19,7,4,14,12,3,5,1,1,0,0,0,0,0,0
,Unknown,0,0,0,0,0,0,0,0,0,0,0,0,0,0,0,0,0,0,0,0,0,0,0,0,1,1,2,1,5,8,5,0,0,0,0,0
Tennessee,All Diabetes,672,677,697,638,577,592,504,476,474,453,453,427,443,398,446,367,402,442,399,409,382,388,345,320,306,300,298,289,265,246,277,254,247,270,204,202
,Diabetes Status Unknown,0,0,0,0,0,0,0,0,0,0,0,1,0,3,4,0,2,9,1,0,3,5,6,2,2,0,0,0,0,1,0,1,0,1,2,0
,No,401,414,449,383,385,383,344,326,357,287,308,282,317,269,304,253,283,317,284,287,279,290,251,241,217,199,218,205,150,65,0,2,1,0,1,0
,Type I,13,19,19,26,24,22,21,18,19,27,34,38,24,33,39,24,28,22,17,15,0,0,1,1,0,0,0,0,0,0,0,0,0,0,0,0
,Type II,256,243,229,227,166,185,138,130,97,138,109,101,98,87,87,77,73,67,59,18,0,0,0,0,0,0,0,0,0,0,0,0,0,0,0,0
,Type Other,2,1,0,2,2,1,1,0,0,0,0,0,1,0,1,0,0,1,0,0,0,0,0,0,0,0,0,0,0,0,0,0,0,0,0,0
,Type Unknown,0,0,0,0,0,1,0,2,1,1,2,5,3,6,11,13,16,26,37,88,100,90,82,68,78,81,57,41,38,23,0,0,0,0,0,0
,Unknown,0,0,0,0,0,0,0,0,0,0,0,0,0,0,0,0,0,0,1,1,0,3,5,8,9,20,23,43,77,157,277,251,246,269,201,202
Texas,All Diabetes,2094,2394,2453,2163,2179,1819,1809,1724,1535,1370,1304,1236,1286,1364,1316,1276,1219,1200,1138,1108,1096,1061,926,960,933,913,800,836,799,783,744,729,680,665,677,656
,Diabetes Status Unknown,0,0,0,0,0,0,1,2,1,2,8,4,4,4,10,6,12,6,6,7,4,10,7,13,7,5,4,4,5,4,6,2,7,3,4,1
,No,1254,1422,1436,1324,1349,1162,1140,1090,1023,826,824,786,861,914,848,848,822,820,743,782,747,751,658,681,653,652,580,595,501,229,24,15,11,16,11,6
,Type I,64,70,68,51,65,51,60,55,59,78,78,73,91,119,106,121,82,75,78,16,4,2,0,0,2,0,0,0,0,0,0,0,0,0,0,0
,Type II,752,874,933,780,749,598,595,572,442,451,382,349,309,300,332,258,238,191,140,47,7,7,6,1,2,2,1,1,0,0,1,0,2,0,0,0
,Type Other,22,24,11,5,11,2,9,1,2,3,0,3,2,1,1,0,3,1,2,0,0,0,0,0,0,0,0,0,0,0,0,0,0,0,0,0
,Type Unknown,2,4,5,3,5,6,3,4,8,10,12,21,19,26,19,43,62,106,168,254,334,289,254,259,262,242,184,195,155,74,7,6,3,1,4,1
,Unknown,0,0,0,0,0,0,1,0,0,0,0,0,0,0,0,0,0,1,1,2,0,2,1,6,7,12,31,41,138,476,706,706,657,645,658,648
Utah,All Diabetes,302,327,382,298,268,253,243,213,189,198,201,160,174,143,157,148,160,173,131,178,157,141,143,131,151,144,123,132,132,115,132,108,133,118,95,107
,Diabetes Status Unknown,0,0,0,0,0,0,0,0,0,0,0,0,0,0,0,0,0,1,0,1,1,0,0,0,1,0,0,0,0,0,0,0,1,1,0,1
,No,191,233,255,208,204,180,186,147,135,149,133,120,111,115,112,108,111,114,95,125,108,104,96,96,107,112,78,87,76,38,3,2,1,0,1,2
,Type I,12,12,15,13,12,9,12,9,10,11,13,7,20,7,9,7,15,21,12,8,0,0,0,0,0,0,0,0,0,0,1,0,0,0,0,0
,Type II,97,80,107,69,52,61,45,56,44,38,54,31,41,21,35,33,33,35,17,5,0,0,0,0,0,0,0,0,0,0,0,0,0,0,0,0
,Type Other,2,2,5,8,0,3,0,1,0,0,1,1,0,0,0,0,0,0,1,0,0,0,0,0,0,0,0,0,0,0,0,0,0,0,0,0
,Type Unknown,0,0,0,0,0,0,0,0,0,0,0,1,2,0,1,0,1,2,6,39,48,37,46,35,42,31,44,39,34,19,1,1,0,1,0,1
,Unknown,0,0,0,0,0,0,0,0,0,0,0,0,0,0,0,0,0,0,0,0,0,0,1,0,1,1,1,6,22,58,127,105,131,116,94,103
Vermont,All Diabetes,10,10,5,7,20,11,21,24,16,29,25,20,32,35,25,37,38,45,34,23,30,2,6,21,24,22,24,23,27,17,5,0,15,25,15,22
,No,7,10,3,6,17,7,14,18,12,22,20,15,23,28,14,29,26,31,25,15,25,1,5,15,18,18,15,15,10,3,0,0,0,1,0,0
,Type I,1,0,0,0,0,1,2,1,0,0,1,0,2,1,0,1,3,3,1,0,0,0,0,0,0,0,0,0,0,0,0,0,0,0,0,0
,Type II,1,0,2,1,3,3,5,5,4,7,4,5,7,6,10,7,9,10,6,0,0,0,0,0,0,0,0,0,0,0,0,0,0,0,0,0
,Type Other,1,0,0,0,0,0,0,0,0,0,0,0,0,0,0,0,0,0,0,0,0,0,0,0,0,0,0,0,0,0,0,0,0,0,0,0
,Type Unknown,0,0,0,0,0,0,0,0,0,0,0,0,0,0,1,0,0,1,2,8,5,1,1,6,6,3,9,6,8,2,0,0,0,0,0,0
,Unknown,0,0,0,0,0,0,0,0,0,0,0,0,0,0,0,0,0,0,0,0,0,0,0,0,0,1,0,2,9,12,5,0,15,24,15,22
Virginia,All Diabetes,678,698,664,664,736,548,510,430,402,375,378,429,405,424,424,438,430,464,443,402,376,353,335,304,287,281,287,261,210,209,186,171,157,198,139,115
,Diabetes Status Unknown,0,0,0,0,0,0,1,0,0,0,0,0,0,0,25,30,10,5,3,4,0,1,0,0,2,1,1,1,4,0,0,2,0,1,0,1
,No,389,403,411,394,453,357,337,286,258,253,238,271,247,260,241,255,288,325,308,289,277,249,249,223,205,208,210,177,129,38,4,0,1,1,0,0
,Type I,17,17,6,27,13,6,11,14,14,13,12,18,20,20,25,23,21,21,17,11,0,2,1,0,0,0,0,1,0,0,0,0,0,0,0,0
,Type II,261,275,241,240,265,176,158,128,130,109,128,138,133,141,129,118,92,79,51,21,1,0,0,0,0,0,0,0,0,0,0,0,0,0,0,0
,Type Other,11,3,6,3,5,9,3,2,0,0,0,1,1,2,1,2,2,1,3,0,0,0,0,0,0,0,0,0,0,0,0,0,0,0,0,0
,Type Unknown,0,0,0,0,0,0,0,0,0,0,0,1,4,1,3,10,17,33,61,77,98,99,81,77,69,60,57,57,42,14,0,0,0,0,0,0
,Unknown,0,0,0,0,0,0,0,0,0,0,0,0,0,0,0,0,0,0,0,0,0,2,4,4,11,12,19,25,35,157,182,169,156,196,139,114
Washington,All Diabetes,405,448,477,432,463,441,410,367,353,420,382,378,339,364,310,324,307,277,317,364,348,327,306,334,279,278,220,253,212,228,199,167,223,258,199,167
,Diabetes Status Unknown,0,0,0,0,0,0,1,0,0,0,0,3,2,21,11,17,29,11,7,10,26,15,14,7,13,28,6,7,3,2,0,1,0,4,1,0
,No,266,310,346,283,324,304,296,282,259,304,284,268,241,255,228,221,202,195,228,255,235,226,211,234,190,174,144,163,130,69,3,0,0,0,0,2
,Type I,12,12,15,14,16,11,13,14,13,22,12,16,14,20,8,22,19,18,9,5,0,0,0,0,0,0,0,0,0,0,0,0,0,0,0,0
,Type II,116,119,109,126,114,120,100,71,81,94,85,90,80,67,57,60,43,29,30,13,1,0,0,0,0,0,0,0,0,0,0,0,0,0,0,0
,Type Other,11,7,7,9,9,6,0,0,0,0,0,0,0,0,0,0,0,0,2,0,0,0,0,0,0,0,0,0,0,0,0,0,0,0,0,0
,Type Unknown,0,0,0,0,0,0,0,0,0,0,1,1,2,1,6,4,13,24,41,81,86,85,80,91,69,67,58,65,36,19,2,0,0,0,0,0
,Unknown,0,0,0,0,0,0,0,0,0,0,0,0,0,0,0,0,1,0,0,0,0,1,1,2,7,9,12,18,43,138,194,166,223,254,198,165
West Virginia,All Diabetes,117,90,110,109,86,66,28,36,25,39,43,40,44,37,35,45,48,59,50,50,65,61,53,59,79,74,73,67,36,36,32,41,34,37,44,35
,Diabetes Status Unknown,0,0,0,0,0,0,0,0,0,0,0,0,0,0,0,0,0,0,1,0,0,0,0,0,0,0,0,0,0,0,0,0,0,0,0,0
,No,61,38,47,64,39,39,21,18,18,19,28,32,25,26,23,33,26,45,35,31,53,43,37,47,51,47,47,41,19,7,1,0,0,0,1,0
,Type I,5,6,5,2,3,4,2,4,1,10,9,2,4,1,2,5,3,1,1,2,1,0,0,0,0,0,0,0,0,0,0,0,0,0,0,0
,Type II,51,46,58,43,43,23,5,14,6,10,6,6,14,9,9,7,15,7,6,1,0,0,0,0,0,0,0,0,0,0,0,0,0,0,0,0
,Type Other,0,0,0,0,1,0,0,0,0,0,0,0,0,0,0,0,0,0,0,0,0,0,0,0,0,0,0,0,0,0,0,0,0,0,0,0
,Type Unknown,0,0,0,0,0,0,0,0,0,0,0,0,1,1,1,0,4,6,7,16,11,18,16,12,28,27,22,12,5,1,0,0,0,0,0,0
,Unknown,0,0,0,0,0,0,0,0,0,0,0,0,0,0,0,0,0,0,0,0,0,0,0,0,0,0,4,14,12,28,31,41,34,37,43,35
Wisconsin,All Diabetes,380,370,360,434,397,389,408,454,375,381,381,357,410,365,381,445,454,465,459,461,423,452,371,344,338,342,334,339,299,306,309,266,283,269,235,275
,Diabetes Status Unknown,0,0,0,0,0,0,0,0,0,0,0,0,0,0,0,0,0,0,0,0,0,0,0,0,0,1,1,0,0,0,1,2,0,0,0,0
,No,269,253,251,295,272,275,297,338,278,261,265,262,294,253,254,297,306,335,318,331,291,324,271,268,256,244,218,238,170,95,1,4,4,1,0,3
,Type I,9,9,13,19,10,14,16,15,13,22,12,13,21,17,33,30,35,33,25,16,0,0,0,0,0,0,0,1,0,0,0,0,0,0,0,0
,Type II,102,108,92,120,114,98,89,99,81,98,103,80,93,91,93,111,95,76,65,24,1,0,0,0,0,0,0,0,0,0,0,0,0,0,0,0
,Type Other,0,0,4,0,1,2,5,2,3,0,0,2,2,1,1,2,0,0,2,0,0,0,0,0,0,0,0,0,0,0,0,0,0,0,0,0
,Type Unknown,0,0,0,0,0,0,1,0,0,0,1,0,0,3,0,5,18,21,49,89,130,126,99,72,74,81,88,56,55,25,0,0,0,1,0,0
,Unknown,0,0,0,0,0,0,0,0,0,0,0,0,0,0,0,0,0,0,0,1,1,2,1,4,8,16,27,44,74,186,307,260,279,267,235,272