States,Diabetes Status,Age Group,2023,2022,2021,2020,2019,2018,2017,2016,2015,2014,2013,2012,2011,2010,2009,2008,2007,2006,2005,2004,2003,2002,2001,2000,1999,1998,1997,1996,1995,1994,1993,1992,1991,1990,1989,1988
Alabama,All Diabetes,All Donor Ages,233,299,333,353,296,275,307,216,221,234,242,206,249,246,265,260,310,318,331,272,321,318,304,326,289,275,279,281,300,267,313,239,251,263,238,210
,,< 1 Year,0,1,1,0,1,0,0,0,0,0,0,0,0,0,0,0,0,0,0,1,0,0,0,0,0,0,0,0,0,0,0,0,0,0,0,0
,,1-5 Years,2,4,2,2,9,0,0,1,1,1,0,2,2,0,2,1,0,1,3,2,1,0,0,2,5,2,7,5,2,0,6,11,3,3,6,4
,,6-10 Years,1,5,4,7,7,5,3,0,9,4,6,2,2,7,2,10,9,0,1,5,4,7,2,6,7,4,5,15,5,8,12,10,10,12,20,7
,,11-17 Years,4,7,11,20,14,12,20,10,5,14,8,7,13,13,9,23,12,13,19,9,25,21,14,29,10,15,18,33,44,32,31,19,36,33,23,15
,,18-34 Years,62,71,86,108,85,82,90,49,60,55,46,47,39,54,37,64,69,64,64,36,54,46,35,69,65,84,97,100,103,99,111,61,84,106,119,103
,,35-49 Years,75,86,92,103,55,54,67,38,40,43,33,34,47,51,44,36,57,46,52,40,38,61,61,48,76,106,90,66,81,71,96,74,60,70,47,63
,,50-64 Years,26,65,62,52,35,30,27,40,28,20,30,32,37,28,32,31,31,33,47,33,25,24,34,43,41,51,49,51,48,42,54,58,48,37,22,18
,,65 +,0,0,5,3,4,1,0,2,0,1,0,0,6,7,2,7,3,2,4,2,0,0,9,9,4,9,9,7,8,10,3,6,10,2,1,0
,,Unknown,63,60,70,58,86,91,100,76,78,96,119,82,103,86,137,88,129,159,141,144,174,159,149,120,81,4,4,4,9,5,0,0,0,0,0,0
,Diabetes Status Unknown,All Donor Ages,0,0,0,1,0,0,0,0,1,0,1,2,7,5,7,17,8,26,43,23,4,3,2,10,12,1,0,2,2,2,0,0,0,1,0,0
,,6-10 Years,0,0,0,0,0,0,0,0,0,0,0,0,1,0,0,0,0,0,0,0,0,0,0,0,0,0,0,0,0,0,0,0,0,0,0,0
,,11-17 Years,0,0,0,0,0,0,0,0,0,0,0,0,0,0,0,2,1,3,4,1,0,0,0,0,0,0,0,0,0,0,0,0,0,0,0,0
,,18-34 Years,0,0,0,1,0,0,0,0,1,0,1,1,2,3,0,6,2,7,10,1,1,0,0,2,0,0,0,1,1,0,0,0,0,1,0,0
,,35-49 Years,0,0,0,0,0,0,0,0,0,0,0,0,2,1,1,2,1,2,4,2,1,1,0,1,1,1,0,0,1,2,0,0,0,0,0,0
,,50-64 Years,0,0,0,0,0,0,0,0,0,0,0,1,1,0,1,1,0,2,3,0,0,0,1,0,1,0,0,0,0,0,0,0,0,0,0,0
,,65 +,0,0,0,0,0,0,0,0,0,0,0,0,1,0,0,2,0,0,0,0,0,0,0,0,0,0,0,1,0,0,0,0,0,0,0,0
,,Unknown,0,0,0,0,0,0,0,0,0,0,0,0,0,1,5,4,4,12,22,19,2,2,1,7,10,0,0,0,0,0,0,0,0,0,0,0
,No,All Donor Ages,167,194,207,215,193,179,212,153,146,164,174,141,169,186,172,186,213,194,190,170,246,232,220,228,198,216,209,197,226,53,1,0,0,0,2,0
,,< 1 Year,0,1,1,0,1,0,0,0,0,0,0,0,0,0,0,0,0,0,0,1,0,0,0,0,0,0,0,0,0,0,0,0,0,0,0,0
,,1-5 Years,2,4,2,2,6,0,0,0,1,0,0,2,2,0,2,1,0,1,3,1,1,0,0,2,5,2,6,3,2,0,0,0,0,0,0,0
,,6-10 Years,0,5,3,4,5,3,1,0,9,2,4,1,1,6,2,8,8,0,1,5,4,7,1,5,4,4,5,11,2,2,0,0,0,0,0,0
,,11-17 Years,4,5,5,15,12,8,17,8,3,13,8,7,11,10,8,15,9,7,9,5,21,18,11,22,7,14,10,28,35,3,0,0,0,0,0,0
,,18-34 Years,45,55,62,76,66,59,68,31,46,40,36,35,31,45,30,48,52,40,40,25,43,34,23,49,51,68,75,78,82,30,0,0,0,0,1,0
,,35-49 Years,48,47,52,58,31,32,38,31,20,32,20,27,34,37,28,26,42,32,31,28,29,41,41,37,53,80,67,41,63,11,1,0,0,0,1,0
,,50-64 Years,18,35,32,23,16,16,17,26,15,9,12,10,20,17,11,18,17,21,29,18,19,14,26,32,28,39,35,30,33,4,0,0,0,0,0,0
,,65 +,0,0,1,0,1,0,0,1,0,0,0,0,2,3,0,4,2,1,1,0,0,0,6,5,2,5,7,3,4,1,0,0,0,0,0,0
,,Unknown,50,42,49,37,55,61,71,56,52,68,94,59,68,68,91,66,83,92,76,87,129,118,112,76,48,4,4,3,5,2,0,0,0,0,0,0
,Type I,All Donor Ages,4,8,7,6,11,14,12,6,8,12,5,4,4,5,8,3,9,12,8,8,0,0,0,0,0,0,1,0,0,0,0,0,0,0,0,0
,,6-10 Years,0,0,0,1,1,0,0,0,0,0,1,1,0,0,0,0,0,0,0,0,0,0,0,0,0,0,0,0,0,0,0,0,0,0,0,0
,,11-17 Years,0,0,1,0,0,0,1,0,1,0,0,0,0,0,0,1,0,1,1,0,0,0,0,0,0,0,0,0,0,0,0,0,0,0,0,0
,,18-34 Years,0,0,1,1,3,3,4,1,0,2,2,2,1,1,0,0,1,1,1,1,0,0,0,0,0,0,0,0,0,0,0,0,0,0,0,0
,,35-49 Years,3,1,3,3,3,3,2,1,4,0,0,1,1,2,0,1,1,1,0,2,0,0,0,0,0,0,0,0,0,0,0,0,0,0,0,0
,,50-64 Years,0,1,1,0,2,2,1,1,0,1,0,0,1,1,0,1,0,1,0,1,0,0,0,0,0,0,1,0,0,0,0,0,0,0,0,0
,,65 +,0,0,0,0,0,0,0,0,0,0,0,0,1,0,0,0,0,0,0,0,0,0,0,0,0,0,0,0,0,0,0,0,0,0,0,0
,,Unknown,1,6,1,1,2,6,4,3,3,9,2,0,0,1,8,0,7,8,6,4,0,0,0,0,0,0,0,0,0,0,0,0,0,0,0,0
,Type II,All Donor Ages,61,96,115,129,83,69,83,57,65,57,30,19,17,17,34,19,22,17,8,6,1,1,0,0,0,0,0,0,0,0,0,0,0,0,0,0
,,1-5 Years,0,0,0,0,3,0,0,1,0,1,0,0,0,0,0,0,0,0,0,0,0,0,0,0,0,0,0,0,0,0,0,0,0,0,0,0
,,6-10 Years,1,0,1,2,1,0,2,0,0,2,1,0,0,0,0,1,1,0,0,0,0,0,0,0,0,0,0,0,0,0,0,0,0,0,0,0
,,11-17 Years,0,2,5,5,2,2,2,2,1,1,0,0,0,0,0,1,1,0,0,0,0,0,0,0,0,0,0,0,0,0,0,0,0,0,0,0
,,18-34 Years,16,16,21,30,15,16,18,17,13,12,5,4,2,1,2,2,1,0,1,0,0,0,0,0,0,0,0,0,0,0,0,0,0,0,0,0
,,35-49 Years,24,37,36,40,17,16,27,6,15,11,6,2,2,2,7,3,1,2,3,0,0,0,0,0,0,0,0,0,0,0,0,0,0,0,0,0
,,50-64 Years,8,29,28,29,14,11,9,13,13,10,10,11,5,4,5,1,0,1,2,1,1,0,0,0,0,0,0,0,0,0,0,0,0,0,0,0
,,65 +,0,0,4,3,2,1,0,1,0,1,0,0,1,1,0,0,0,0,0,0,0,0,0,0,0,0,0,0,0,0,0,0,0,0,0,0
,,Unknown,12,12,20,20,29,23,25,17,23,19,8,2,7,9,20,11,18,14,2,5,0,1,0,0,0,0,0,0,0,0,0,0,0,0,0,0
,Type Other,All Donor Ages,0,0,0,0,1,0,0,0,0,0,1,0,1,0,1,0,0,0,0,0,0,0,0,0,0,0,0,0,0,0,0,0,0,0,0,0
,,18-34 Years,0,0,0,0,1,0,0,0,0,0,0,0,0,0,0,0,0,0,0,0,0,0,0,0,0,0,0,0,0,0,0,0,0,0,0,0
,,50-64 Years,0,0,0,0,0,0,0,0,0,0,1,0,0,0,0,0,0,0,0,0,0,0,0,0,0,0,0,0,0,0,0,0,0,0,0,0
,,Unknown,0,0,0,0,0,0,0,0,0,0,0,0,1,0,1,0,0,0,0,0,0,0,0,0,0,0,0,0,0,0,0,0,0,0,0,0
,Type Unknown,All Donor Ages,1,1,4,2,8,13,0,0,1,1,31,40,51,33,43,35,58,69,81,65,70,81,76,78,64,57,67,75,53,26,0,0,0,0,0,0
,,1-5 Years,0,0,0,0,0,0,0,0,0,0,0,0,0,0,0,0,0,0,0,1,0,0,0,0,0,0,1,2,0,0,0,0,0,0,0,0
,,6-10 Years,0,0,0,0,0,2,0,0,0,0,0,0,0,1,0,1,0,0,0,0,0,0,1,1,2,0,0,4,2,0,0,0,0,0,0,0
,,11-17 Years,0,0,0,0,0,2,0,0,0,0,0,0,2,3,1,4,1,2,4,3,4,3,3,6,2,1,8,5,6,0,0,0,0,0,0,0
,,18-34 Years,1,0,2,0,0,4,0,0,0,1,2,5,3,4,5,8,13,16,12,9,10,12,8,14,11,15,20,18,16,7,0,0,0,0,0,0
,,35-49 Years,0,1,1,2,4,3,0,0,1,0,7,4,8,9,8,4,12,9,14,8,8,19,18,9,15,25,23,25,12,12,0,0,0,0,0,0
,,50-64 Years,0,0,1,0,3,1,0,0,0,0,7,10,10,6,15,10,14,8,13,13,5,10,7,8,11,12,13,18,13,6,0,0,0,0,0,0
,,65 +,0,0,0,0,1,0,0,0,0,0,0,0,1,3,2,1,1,1,3,2,0,0,3,4,1,4,2,2,2,0,0,0,0,0,0,0
,,Unknown,0,0,0,0,0,1,0,0,0,0,15,21,27,7,12,7,17,33,35,29,43,37,36,36,22,0,0,1,2,1,0,0,0,0,0,0
,Unknown,All Donor Ages,0,0,0,0,0,0,0,0,0,0,0,0,0,0,0,0,0,0,1,0,0,1,6,10,15,1,2,7,19,186,312,239,251,262,236,210
,,1-5 Years,0,0,0,0,0,0,0,0,0,0,0,0,0,0,0,0,0,0,0,0,0,0,0,0,0,0,0,0,0,0,6,11,3,3,6,4
,,6-10 Years,0,0,0,0,0,0,0,0,0,0,0,0,0,0,0,0,0,0,0,0,0,0,0,0,1,0,0,0,1,6,12,10,10,12,20,7
,,11-17 Years,0,0,0,0,0,0,0,0,0,0,0,0,0,0,0,0,0,0,1,0,0,0,0,1,1,0,0,0,3,29,31,19,36,33,23,15
,,18-34 Years,0,0,0,0,0,0,0,0,0,0,0,0,0,0,0,0,0,0,0,0,0,0,4,4,3,1,2,3,4,62,111,61,84,105,118,103
,,35-49 Years,0,0,0,0,0,0,0,0,0,0,0,0,0,0,0,0,0,0,0,0,0,0,2,1,7,0,0,0,5,46,95,74,60,70,46,63
,,50-64 Years,0,0,0,0,0,0,0,0,0,0,0,0,0,0,0,0,0,0,0,0,0,0,0,3,1,0,0,3,2,32,54,58,48,37,22,18
,,65 +,0,0,0,0,0,0,0,0,0,0,0,0,0,0,0,0,0,0,0,0,0,0,0,0,1,0,0,1,2,9,3,6,10,2,1,0
,,Unknown,0,0,0,0,0,0,0,0,0,0,0,0,0,0,0,0,0,0,0,0,0,1,0,1,1,0,0,0,2,2,0,0,0,0,0,0
Arizona,All Diabetes,All Donor Ages,654,733,687,648,726,638,627,609,502,432,467,377,431,356,386,349,353,309,295,278,236,248,231,180,195,182,148,137,137,153,149,109,113,121,147,140
,,< 1 Year,1,1,0,0,2,0,1,3,1,2,1,2,2,2,1,0,0,0,0,0,0,0,0,0,0,0,0,0,0,0,0,0,0,0,0,0
,,1-5 Years,2,3,6,11,11,12,7,5,5,13,9,3,10,5,3,11,4,0,2,1,0,0,0,2,0,0,0,1,0,0,1,1,0,2,3,3
,,6-10 Years,7,6,4,7,9,8,9,7,6,1,3,2,8,4,10,6,2,3,1,2,0,2,4,0,1,7,6,6,9,4,11,3,5,1,4,7
,,11-17 Years,11,8,22,21,16,21,26,10,10,9,16,10,12,7,9,13,12,16,22,16,9,7,8,2,5,15,11,11,29,29,15,21,17,9,27,23
,,18-34 Years,176,198,182,202,173,153,168,156,117,92,97,79,63,65,67,48,60,52,60,43,30,34,12,7,45,79,62,55,47,71,75,36,53,76,61,77
,,35-49 Years,190,194,190,160,189,143,128,160,114,114,89,79,84,64,54,45,61,49,35,32,31,16,19,2,26,53,48,37,38,34,35,37,30,16,43,25
,,50-64 Years,111,149,131,120,166,140,144,137,105,54,86,54,60,29,39,60,38,27,25,26,21,19,5,14,10,22,16,24,14,13,12,9,8,17,9,5
,,65 +,18,22,14,11,16,18,23,31,23,17,31,10,17,11,3,10,11,2,7,6,2,0,1,0,1,4,1,0,0,0,0,2,0,0,0,0
,,Unknown,138,152,138,116,144,143,121,100,121,130,135,138,175,169,200,156,165,160,143,152,143,170,182,153,107,2,4,3,0,2,0,0,0,0,0,0
,Diabetes Status Unknown,All Donor Ages,0,0,0,0,0,0,0,0,0,0,0,1,0,1,0,0,0,0,0,0,0,0,0,0,0,0,0,0,0,1,0,0,0,0,0,0
,,35-49 Years,0,0,0,0,0,0,0,0,0,0,0,0,0,1,0,0,0,0,0,0,0,0,0,0,0,0,0,0,0,1,0,0,0,0,0,0
,,Unknown,0,0,0,0,0,0,0,0,0,0,0,1,0,0,0,0,0,0,0,0,0,0,0,0,0,0,0,0,0,0,0,0,0,0,0,0
,No,All Donor Ages,377,431,434,392,448,402,377,355,289,260,275,225,268,207,238,217,231,211,198,189,159,174,161,124,141,132,104,73,70,24,0,0,1,0,0,0
,,< 1 Year,1,1,0,0,2,0,0,3,1,1,1,1,1,1,1,0,0,0,0,0,0,0,0,0,0,0,0,0,0,0,0,0,0,0,0,0
,,1-5 Years,2,2,5,10,10,8,4,4,5,7,7,1,5,3,3,8,4,0,2,1,0,0,0,2,0,0,0,1,0,0,0,0,0,0,0,0
,,6-10 Years,5,6,4,5,7,8,6,4,4,1,1,2,6,1,6,4,1,3,0,1,0,1,4,0,0,4,2,4,6,0,0,0,0,0,0,0
,,11-17 Years,8,5,15,16,13,18,16,8,7,5,9,9,8,4,5,8,8,11,16,11,5,4,6,2,3,11,8,5,13,1,0,0,0,0,0,0
,,18-34 Years,123,139,136,140,119,108,121,111,78,54,52,45,39,33,38,35,40,34,45,35,18,25,7,5,36,56,42,30,23,13,0,0,1,0,0,0
,,35-49 Years,97,95,103,84,102,83,75,86,57,65,53,40,42,32,29,22,37,28,20,21,24,11,13,2,13,42,38,21,21,4,0,0,0,0,0,0
,,50-64 Years,50,68,64,53,84,66,58,63,46,25,41,31,34,14,20,32,25,17,15,15,12,13,3,6,6,13,11,10,7,6,0,0,0,0,0,0
,,65 +,8,11,4,5,7,11,14,12,10,9,15,4,7,5,1,4,6,0,1,3,1,0,1,0,1,4,1,0,0,0,0,0,0,0,0,0
,,Unknown,83,104,103,79,104,100,83,64,81,93,96,92,126,114,135,104,110,118,99,102,99,120,127,107,82,2,2,2,0,0,0,0,0,0,0,0
,Type I,All Donor Ages,20,21,16,15,10,18,19,14,21,22,24,18,21,26,29,26,39,16,18,4,1,0,0,1,0,0,0,0,0,0,0,0,0,0,0,0
,,6-10 Years,0,0,0,0,0,0,2,0,1,0,1,0,0,0,0,0,0,0,0,0,0,0,0,0,0,0,0,0,0,0,0,0,0,0,0,0
,,11-17 Years,0,0,1,0,0,0,0,0,1,1,1,0,1,0,0,1,2,1,0,0,0,0,0,0,0,0,0,0,0,0,0,0,0,0,0,0
,,18-34 Years,6,7,2,4,4,5,1,2,3,2,9,4,3,7,3,1,6,3,2,0,0,0,0,0,0,0,0,0,0,0,0,0,0,0,0,0
,,35-49 Years,3,3,5,4,1,3,5,6,1,7,8,3,4,4,7,2,5,2,3,0,0,0,0,0,0,0,0,0,0,0,0,0,0,0,0,0
,,50-64 Years,6,4,4,4,0,2,3,1,6,1,0,5,3,7,2,5,3,2,0,0,0,0,0,0,0,0,0,0,0,0,0,0,0,0,0,0
,,65 +,0,0,0,0,1,0,0,0,0,0,0,1,0,1,0,0,0,0,0,0,0,0,0,0,0,0,0,0,0,0,0,0,0,0,0,0
,,Unknown,5,7,4,3,4,8,8,5,9,11,5,5,10,7,17,17,23,8,13,4,1,0,0,1,0,0,0,0,0,0,0,0,0,0,0,0
,Type II,All Donor Ages,256,281,236,241,268,217,229,240,191,148,166,128,139,120,115,88,62,58,34,2,0,1,0,0,0,0,0,0,0,0,0,0,0,0,0,0
,,< 1 Year,0,0,0,0,0,0,1,0,0,1,0,1,1,1,0,0,0,0,0,0,0,0,0,0,0,0,0,0,0,0,0,0,0,0,0,0
,,1-5 Years,0,1,1,1,1,4,3,1,0,6,2,2,4,2,0,2,0,0,0,0,0,0,0,0,0,0,0,0,0,0,0,0,0,0,0,0
,,6-10 Years,2,0,0,2,2,0,1,3,1,0,0,0,2,3,3,2,0,0,0,0,0,0,0,0,0,0,0,0,0,0,0,0,0,0,0,0
,,11-17 Years,3,3,6,5,3,3,10,2,2,3,6,1,3,3,3,4,2,2,0,0,0,0,0,0,0,0,0,0,0,0,0,0,0,0,0,0
,,18-34 Years,47,52,44,58,50,40,45,43,36,36,35,29,19,25,24,9,7,8,1,0,0,0,0,0,0,0,0,0,0,0,0,0,0,0,0,0
,,35-49 Years,90,96,81,72,86,56,48,68,56,41,28,35,38,25,18,15,12,11,5,0,0,0,0,0,0,0,0,0,0,0,0,0,0,0,0,0
,,50-64 Years,55,77,63,63,82,72,82,73,53,27,45,17,23,8,17,17,7,4,2,0,0,0,0,0,0,0,0,0,0,0,0,0,0,0,0,0
,,65 +,10,11,10,6,8,7,9,19,13,8,16,5,10,5,2,4,4,2,0,0,0,0,0,0,0,0,0,0,0,0,0,0,0,0,0,0
,,Unknown,49,41,31,34,36,35,30,31,30,26,34,38,39,48,48,35,30,31,26,2,0,1,0,0,0,0,0,0,0,0,0,0,0,0,0,0
,Type Other,All Donor Ages,0,0,1,0,0,1,1,0,1,0,1,1,0,0,2,2,0,0,0,0,0,0,0,0,0,0,0,0,0,0,0,0,0,0,0,0
,,11-17 Years,0,0,0,0,0,0,0,0,0,0,0,0,0,0,1,0,0,0,0,0,0,0,0,0,0,0,0,0,0,0,0,0,0,0,0,0
,,18-34 Years,0,0,0,0,0,0,0,0,0,0,1,0,0,0,1,0,0,0,0,0,0,0,0,0,0,0,0,0,0,0,0,0,0,0,0,0
,,35-49 Years,0,0,1,0,0,1,0,0,0,0,0,0,0,0,0,1,0,0,0,0,0,0,0,0,0,0,0,0,0,0,0,0,0,0,0,0
,,50-64 Years,0,0,0,0,0,0,1,0,0,0,0,0,0,0,0,0,0,0,0,0,0,0,0,0,0,0,0,0,0,0,0,0,0,0,0,0
,,65 +,0,0,0,0,0,0,0,0,0,0,0,0,0,0,0,1,0,0,0,0,0,0,0,0,0,0,0,0,0,0,0,0,0,0,0,0
,,Unknown,0,0,0,0,0,0,0,0,1,0,0,1,0,0,0,0,0,0,0,0,0,0,0,0,0,0,0,0,0,0,0,0,0,0,0,0
,Type Unknown,All Donor Ages,0,0,0,0,0,0,1,0,0,2,1,4,3,2,2,16,21,24,45,83,76,73,69,54,52,39,30,42,30,12,0,0,0,0,0,0
,,1-5 Years,0,0,0,0,0,0,0,0,0,0,0,0,1,0,0,1,0,0,0,0,0,0,0,0,0,0,0,0,0,0,0,0,0,0,0,0
,,6-10 Years,0,0,0,0,0,0,0,0,0,0,1,0,0,0,1,0,1,0,1,1,0,1,0,0,1,3,2,2,0,1,0,0,0,0,0,0
,,11-17 Years,0,0,0,0,0,0,0,0,0,0,0,0,0,0,0,0,0,2,6,5,4,3,2,0,2,3,2,2,3,1,0,0,0,0,0,0
,,18-34 Years,0,0,0,0,0,0,1,0,0,0,0,1,2,0,1,3,7,7,12,8,12,9,5,2,8,18,12,17,17,7,0,0,0,0,0,0
,,35-49 Years,0,0,0,0,0,0,0,0,0,1,0,1,0,2,0,5,7,8,7,11,7,5,6,0,13,7,7,11,7,3,0,0,0,0,0,0
,,50-64 Years,0,0,0,0,0,0,0,0,0,1,0,1,0,0,0,6,3,4,8,11,9,6,2,8,4,8,5,9,3,0,0,0,0,0,0,0
,,65 +,0,0,0,0,0,0,0,0,0,0,0,0,0,0,0,1,1,0,6,3,1,0,0,0,0,0,0,0,0,0,0,0,0,0,0,0
,,Unknown,0,0,0,0,0,0,0,0,0,0,0,1,0,0,0,0,2,3,5,44,43,49,54,44,24,0,2,1,0,0,0,0,0,0,0,0
,Unknown,All Donor Ages,1,0,0,0,0,0,0,0,0,0,0,0,0,0,0,0,0,0,0,0,0,0,1,1,2,11,14,22,37,116,149,109,112,121,147,140
,,1-5 Years,0,0,0,0,0,0,0,0,0,0,0,0,0,0,0,0,0,0,0,0,0,0,0,0,0,0,0,0,0,0,1,1,0,2,3,3
,,6-10 Years,0,0,0,0,0,0,0,0,0,0,0,0,0,0,0,0,0,0,0,0,0,0,0,0,0,0,2,0,3,3,11,3,5,1,4,7
,,11-17 Years,0,0,0,0,0,0,0,0,0,0,0,0,0,0,0,0,0,0,0,0,0,0,0,0,0,1,1,4,13,27,15,21,17,9,27,23
,,18-34 Years,0,0,0,0,0,0,0,0,0,0,0,0,0,0,0,0,0,0,0,0,0,0,0,0,1,5,8,8,7,51,75,36,52,76,61,77
,,35-49 Years,0,0,0,0,0,0,0,0,0,0,0,0,0,0,0,0,0,0,0,0,0,0,0,0,0,4,3,5,10,26,35,37,30,16,43,25
,,50-64 Years,0,0,0,0,0,0,0,0,0,0,0,0,0,0,0,0,0,0,0,0,0,0,0,0,0,1,0,5,4,7,12,9,8,17,9,5
,,65 +,0,0,0,0,0,0,0,0,0,0,0,0,0,0,0,0,0,0,0,0,0,0,0,0,0,0,0,0,0,0,0,2,0,0,0,0
,,Unknown,1,0,0,0,0,0,0,0,0,0,0,0,0,0,0,0,0,0,0,0,0,0,1,1,1,0,0,0,0,2,0,0,0,0,0,0
Arkansas,All Diabetes,All Donor Ages,146,160,193,151,172,122,75,88,80,67,85,108,100,100,113,87,119,130,132,120,95,100,77,88,92,93,101,89,99,89,91,89,69,63,61,36
,,1-5 Years,0,0,2,0,0,1,0,0,0,0,0,0,0,0,0,0,0,0,0,0,0,0,1,0,2,0,0,1,0,2,0,1,0,0,0,1
,,6-10 Years,1,1,3,1,7,1,1,0,0,1,0,0,0,0,2,2,2,0,1,1,2,1,2,2,0,5,0,0,1,3,3,4,7,0,6,0
,,11-17 Years,9,5,12,8,7,13,4,4,3,6,5,3,4,7,4,5,10,4,8,11,9,6,6,7,5,14,13,9,11,13,10,6,9,8,6,2
,,18-34 Years,43,41,65,52,42,48,26,41,32,31,35,49,41,36,26,31,35,43,33,23,16,32,18,14,25,25,41,40,38,31,39,34,32,22,30,13
,,35-49 Years,50,60,62,39,55,31,28,24,22,17,21,24,22,21,35,24,32,27,36,25,22,8,7,7,23,35,31,26,26,23,27,32,15,24,12,16
,,50-64 Years,34,43,43,39,45,17,9,6,8,3,10,8,16,18,16,9,17,25,16,15,8,13,6,7,9,11,14,9,20,14,12,10,6,8,7,2
,,65 +,2,3,3,4,2,0,0,0,0,0,0,2,1,3,2,0,1,0,1,4,0,0,0,0,1,1,0,1,1,0,0,2,0,1,0,2
,,Unknown,7,7,3,8,14,11,7,13,15,9,14,22,16,15,28,16,22,31,37,41,38,40,37,51,27,2,2,3,2,3,0,0,0,0,0,0
,Diabetes Status Unknown,All Donor Ages,0,0,0,0,0,0,0,0,0,1,0,0,0,0,0,0,0,1,1,1,1,0,0,0,0,1,0,0,0,1,0,0,0,0,0,0
,,18-34 Years,0,0,0,0,0,0,0,0,0,0,0,0,0,0,0,0,0,1,1,0,0,0,0,0,0,0,0,0,0,0,0,0,0,0,0,0
,,35-49 Years,0,0,0,0,0,0,0,0,0,1,0,0,0,0,0,0,0,0,0,1,0,0,0,0,0,1,0,0,0,0,0,0,0,0,0,0
,,50-64 Years,0,0,0,0,0,0,0,0,0,0,0,0,0,0,0,0,0,0,0,0,0,0,0,0,0,0,0,0,0,1,0,0,0,0,0,0
,,Unknown,0,0,0,0,0,0,0,0,0,0,0,0,0,0,0,0,0,0,0,0,1,0,0,0,0,0,0,0,0,0,0,0,0,0,0,0
,No,All Donor Ages,86,97,117,94,110,85,53,63,56,45,57,71,67,62,72,54,77,91,88,85,73,77,54,66,67,76,69,61,58,28,2,1,0,1,1,0
,,1-5 Years,0,0,1,0,0,0,0,0,0,0,0,0,0,0,0,0,0,0,0,0,0,0,1,0,2,0,0,1,0,0,0,0,0,0,0,0
,,6-10 Years,1,1,2,1,3,1,1,0,0,1,0,0,0,0,2,2,1,0,1,1,2,0,1,1,0,4,0,0,1,0,0,0,0,0,0,0
,,11-17 Years,7,4,8,8,6,12,4,4,2,6,5,1,4,6,4,3,7,3,6,7,9,5,6,6,4,12,13,6,6,3,0,0,0,0,0,0
,,18-34 Years,29,27,42,34,29,32,21,27,25,19,27,31,27,20,16,21,27,29,20,16,14,24,12,11,19,21,32,25,26,11,1,1,0,0,0,0
,,35-49 Years,27,34,35,22,34,23,16,22,11,10,11,16,13,14,20,14,18,22,27,15,18,5,6,6,15,28,13,21,15,7,0,0,0,0,1,0
,,50-64 Years,17,21,25,19,27,10,6,3,5,2,4,5,11,10,11,2,8,14,11,13,6,8,5,4,8,9,9,5,8,7,1,0,0,1,0,0
,,65 +,1,3,2,3,2,0,0,0,0,0,0,0,0,1,0,0,0,0,1,2,0,0,0,0,1,1,0,1,1,0,0,0,0,0,0,0
,,Unknown,4,7,2,7,9,7,5,7,13,7,10,18,12,11,19,12,16,23,22,31,24,35,23,38,18,1,2,2,1,0,0,0,0,0,0,0
,Type I,All Donor Ages,5,3,8,5,8,1,3,2,6,5,4,5,4,6,6,10,16,10,14,4,1,0,0,0,0,0,0,0,0,0,0,0,0,0,0,0
,,6-10 Years,0,0,0,0,1,0,0,0,0,0,0,0,0,0,0,0,0,0,0,0,0,0,0,0,0,0,0,0,0,0,0,0,0,0,0,0
,,11-17 Years,0,0,0,0,0,0,0,0,0,0,0,0,0,0,0,0,1,1,1,0,0,0,0,0,0,0,0,0,0,0,0,0,0,0,0,0
,,18-34 Years,1,0,1,2,4,0,2,1,2,3,1,2,2,2,1,2,3,4,3,1,0,0,0,0,0,0,0,0,0,0,0,0,0,0,0,0
,,35-49 Years,2,1,4,1,3,0,1,0,3,1,0,2,0,2,3,4,6,3,3,0,1,0,0,0,0,0,0,0,0,0,0,0,0,0,0,0
,,50-64 Years,2,2,2,2,0,0,0,0,0,0,2,0,2,2,0,1,2,2,0,0,0,0,0,0,0,0,0,0,0,0,0,0,0,0,0,0
,,Unknown,0,0,1,0,0,1,0,1,1,1,1,1,0,0,2,3,4,0,7,3,0,0,0,0,0,0,0,0,0,0,0,0,0,0,0,0
,Type II,All Donor Ages,55,60,60,51,54,36,18,22,16,14,21,26,27,27,31,21,26,27,20,5,0,0,0,1,0,0,0,0,0,0,0,0,1,0,0,0
,,1-5 Years,0,0,1,0,0,1,0,0,0,0,0,0,0,0,0,0,0,0,0,0,0,0,0,0,0,0,0,0,0,0,0,0,0,0,0,0
,,6-10 Years,0,0,0,0,3,0,0,0,0,0,0,0,0,0,0,0,1,0,0,0,0,0,0,0,0,0,0,0,0,0,0,0,0,0,0,0
,,11-17 Years,2,1,4,0,1,1,0,0,1,0,0,1,0,1,0,2,2,0,0,2,0,0,0,0,0,0,0,0,0,0,0,0,0,0,0,0
,,18-34 Years,13,14,18,15,9,16,2,13,4,7,6,12,12,12,8,8,5,9,5,1,0,0,0,0,0,0,0,0,0,0,0,0,0,0,0,0
,,35-49 Years,21,25,21,16,18,8,11,1,7,5,9,5,7,3,11,5,8,2,5,1,0,0,0,1,0,0,0,0,0,0,0,0,1,0,0,0
,,50-64 Years,15,20,15,18,18,7,3,3,3,1,4,3,3,6,5,5,7,8,3,0,0,0,0,0,0,0,0,0,0,0,0,0,0,0,0,0
,,65 +,1,0,1,1,0,0,0,0,0,0,0,2,1,2,2,0,1,0,0,0,0,0,0,0,0,0,0,0,0,0,0,0,0,0,0,0
,,Unknown,3,0,0,1,5,3,2,5,1,1,2,3,4,3,5,1,2,8,7,1,0,0,0,0,0,0,0,0,0,0,0,0,0,0,0,0
,Type Other,All Donor Ages,0,0,8,1,0,0,1,1,2,0,0,3,0,1,0,0,0,0,0,0,0,0,0,0,0,0,0,0,0,0,0,0,0,0,0,0
,,6-10 Years,0,0,1,0,0,0,0,0,0,0,0,0,0,0,0,0,0,0,0,0,0,0,0,0,0,0,0,0,0,0,0,0,0,0,0,0
,,11-17 Years,0,0,0,0,0,0,0,0,0,0,0,1,0,0,0,0,0,0,0,0,0,0,0,0,0,0,0,0,0,0,0,0,0,0,0,0
,,18-34 Years,0,0,4,1,0,0,1,0,1,0,0,2,0,1,0,0,0,0,0,0,0,0,0,0,0,0,0,0,0,0,0,0,0,0,0,0
,,35-49 Years,0,0,2,0,0,0,0,1,1,0,0,0,0,0,0,0,0,0,0,0,0,0,0,0,0,0,0,0,0,0,0,0,0,0,0,0
,,50-64 Years,0,0,1,0,0,0,0,0,0,0,0,0,0,0,0,0,0,0,0,0,0,0,0,0,0,0,0,0,0,0,0,0,0,0,0,0
,Type Unknown,All Donor Ages,0,0,0,0,0,0,0,0,0,2,3,3,2,4,4,2,0,1,9,24,20,22,23,21,23,16,28,19,22,8,0,0,0,0,0,0
,,6-10 Years,0,0,0,0,0,0,0,0,0,0,0,0,0,0,0,0,0,0,0,0,0,1,1,1,0,1,0,0,0,0,0,0,0,0,0,0
,,11-17 Years,0,0,0,0,0,0,0,0,0,0,0,0,0,0,0,0,0,0,1,2,0,1,0,1,1,2,0,2,1,1,0,0,0,0,0,0
,,18-34 Years,0,0,0,0,0,0,0,0,0,2,1,2,0,1,1,0,0,0,4,4,2,7,6,3,5,4,8,9,6,5,0,0,0,0,0,0
,,35-49 Years,0,0,0,0,0,0,0,0,0,0,1,1,2,2,1,1,0,0,1,8,3,3,1,0,7,6,15,4,9,2,0,0,0,0,0,0
,,50-64 Years,0,0,0,0,0,0,0,0,0,0,0,0,0,0,0,1,0,1,2,2,2,5,1,3,1,2,5,3,6,0,0,0,0,0,0,0
,,65 +,0,0,0,0,0,0,0,0,0,0,0,0,0,0,0,0,0,0,0,2,0,0,0,0,0,0,0,0,0,0,0,0,0,0,0,0
,,Unknown,0,0,0,0,0,0,0,0,0,0,1,0,0,1,2,0,0,0,1,6,13,5,14,13,9,1,0,1,0,0,0,0,0,0,0,0
,Unknown,All Donor Ages,0,0,0,0,0,0,0,0,0,0,0,0,0,0,0,0,0,0,0,1,0,1,0,0,2,0,4,9,19,52,89,88,68,62,60,36
,,1-5 Years,0,0,0,0,0,0,0,0,0,0,0,0,0,0,0,0,0,0,0,0,0,0,0,0,0,0,0,0,0,2,0,1,0,0,0,1
,,6-10 Years,0,0,0,0,0,0,0,0,0,0,0,0,0,0,0,0,0,0,0,0,0,0,0,0,0,0,0,0,0,3,3,4,7,0,6,0
,,11-17 Years,0,0,0,0,0,0,0,0,0,0,0,0,0,0,0,0,0,0,0,0,0,0,0,0,0,0,0,1,4,9,10,6,9,8,6,2
,,18-34 Years,0,0,0,0,0,0,0,0,0,0,0,0,0,0,0,0,0,0,0,1,0,1,0,0,1,0,1,6,6,15,38,33,32,22,30,13
,,35-49 Years,0,0,0,0,0,0,0,0,0,0,0,0,0,0,0,0,0,0,0,0,0,0,0,0,1,0,3,1,2,14,27,32,14,24,11,16
,,50-64 Years,0,0,0,0,0,0,0,0,0,0,0,0,0,0,0,0,0,0,0,0,0,0,0,0,0,0,0,1,6,6,11,10,6,7,7,2
,,65 +,0,0,0,0,0,0,0,0,0,0,0,0,0,0,0,0,0,0,0,0,0,0,0,0,0,0,0,0,0,0,0,2,0,1,0,2
,,Unknown,0,0,0,0,0,0,0,0,0,0,0,0,0,0,0,0,0,0,0,0,0,0,0,0,0,0,0,0,1,3,0,0,0,0,0,0
California,All Diabetes,All Donor Ages,2464,2786,2702,2591,2619,2486,2281,2287,2198,2039,2085,2073,1998,1939,1822,1926,1912,1931,1814,1960,1844,1697,1596,1529,1382,1463,1392,1339,1302,1252,1306,1207,1282,1219,1152,1192
,,< 1 Year,3,13,18,14,20,15,13,20,24,36,57,62,36,18,22,12,9,7,3,6,1,2,4,1,5,3,3,2,2,3,4,3,1,4,2,3
,,1-5 Years,32,43,36,44,25,52,36,51,56,54,47,44,73,36,25,37,36,41,28,26,27,25,16,21,41,30,33,35,27,25,28,49,54,41,66,55
,,6-10 Years,11,22,20,14,35,18,21,19,12,26,20,25,24,23,30,24,18,20,23,40,19,24,20,16,31,26,29,34,38,28,39,32,40,34,25,56
,,11-17 Years,78,81,86,66,71,67,71,76,74,72,68,61,97,65,75,68,86,89,67,62,62,71,59,49,67,73,103,110,113,119,116,109,118,146,137,118
,,18-34 Years,632,696,671,712,561,559,560,540,497,451,434,436,377,374,334,405,384,388,322,312,219,235,176,154,228,297,364,406,405,464,450,450,497,456,465,458
,,35-49 Years,682,724,628,590,591,557,512,499,441,394,410,384,389,373,351,338,382,378,369,319,281,242,199,165,287,403,449,402,396,357,372,331,356,312,290,331
,,50-64 Years,428,502,572,521,545,493,413,435,366,365,370,379,384,319,272,316,294,255,209,272,256,178,161,126,219,247,251,254,233,182,250,196,196,202,151,155
,,65 +,41,81,63,54,73,65,56,39,39,49,35,56,35,26,30,38,29,38,44,43,35,21,35,18,17,27,32,24,23,34,45,37,20,24,16,15
,,Unknown,557,624,608,576,698,660,599,608,689,592,644,626,583,705,683,688,674,715,749,880,944,899,926,979,487,357,128,72,65,40,2,0,0,0,0,1
,Diabetes Status Unknown,All Donor Ages,0,0,1,0,0,0,1,1,2,1,4,6,4,6,8,12,16,21,30,19,21,20,28,26,18,30,17,8,4,8,3,2,0,0,0,2
,,1-5 Years,0,0,0,0,0,0,0,0,0,0,0,0,1,0,1,0,0,0,0,0,0,0,0,1,0,0,0,0,0,0,0,0,0,0,0,0
,,6-10 Years,0,0,0,0,0,0,0,0,0,0,0,0,0,0,0,0,0,0,0,0,0,0,0,1,2,1,0,0,0,0,0,0,0,0,0,0
,,11-17 Years,0,0,0,0,0,0,0,0,0,0,0,0,0,0,0,1,0,2,2,1,2,2,1,0,1,0,2,0,0,0,0,0,0,0,0,0
,,18-34 Years,0,0,0,0,0,0,0,1,0,0,1,1,0,1,0,4,2,4,6,2,3,2,1,2,1,4,4,1,1,2,1,0,0,0,0,1
,,35-49 Years,0,0,1,0,0,0,1,0,1,1,0,2,1,1,4,3,3,2,8,4,3,4,2,1,3,9,7,2,0,3,2,2,0,0,0,1
,,50-64 Years,0,0,0,0,0,0,0,0,1,0,2,1,0,3,3,1,2,2,3,4,0,1,2,4,2,4,3,2,1,2,0,0,0,0,0,0
,,65 +,0,0,0,0,0,0,0,0,0,0,0,0,1,1,0,1,2,0,2,0,0,0,1,1,0,1,0,0,0,0,0,0,0,0,0,0
,,Unknown,0,0,0,0,0,0,0,0,0,0,1,2,1,0,0,2,7,11,9,8,13,11,21,16,9,11,1,3,2,1,0,0,0,0,0,0
,No,All Donor Ages,1594,1848,1799,1739,1771,1656,1523,1589,1526,1375,1386,1452,1395,1359,1334,1369,1381,1447,1303,1453,1367,1276,1222,1140,1039,1031,961,769,617,265,20,8,8,13,4,7
,,< 1 Year,3,13,15,14,20,12,8,15,15,24,44,47,31,14,19,9,9,7,2,5,1,1,4,1,5,3,3,2,1,0,0,0,0,0,0,0
,,1-5 Years,29,39,32,36,22,41,25,34,37,43,42,38,54,33,19,30,32,28,24,21,25,16,15,18,36,25,31,26,13,7,0,0,0,4,0,0
,,6-10 Years,7,18,14,9,24,11,17,13,10,21,14,24,22,17,27,21,13,14,19,32,17,22,17,10,22,20,21,17,16,3,0,0,1,0,0,1
,,11-17 Years,59,68,70,55,63,51,58,67,61,56,49,52,72,49,62,59,67,66,48,52,41,52,43,34,59,49,68,61,40,9,1,0,2,1,1,1
,,18-34 Years,473,523,501,532,414,413,406,417,379,335,310,332,289,269,253,287,286,301,231,241,170,188,150,124,171,202,258,236,218,118,8,2,5,4,2,2
,,35-49 Years,406,438,393,401,400,355,297,333,292,263,255,257,264,260,238,222,262,275,263,243,212,183,152,124,214,279,299,235,198,93,11,5,0,1,0,3
,,50-64 Years,202,245,297,236,276,258,222,231,214,194,184,209,211,175,167,175,181,164,125,161,158,110,110,86,146,167,163,135,81,22,0,1,0,3,1,0
,,65 +,14,30,24,27,38,29,24,14,19,21,15,18,17,12,14,18,14,21,22,25,26,10,20,11,9,17,16,10,13,3,0,0,0,0,0,0
,,Unknown,401,474,453,429,514,486,466,465,499,418,473,475,435,530,535,548,517,571,569,673,717,694,711,732,377,269,102,47,37,10,0,0,0,0,0,0
,Type I,All Donor Ages,45,44,57,48,55,65,44,40,48,43,59,73,60,56,69,67,78,58,47,13,2,1,1,0,0,0,0,0,0,1,0,0,0,0,0,0
,,< 1 Year,0,0,0,0,0,0,0,0,0,0,0,1,0,1,0,0,0,0,0,0,0,0,0,0,0,0,0,0,0,0,0,0,0,0,0,0
,,1-5 Years,0,0,0,0,0,1,2,1,2,2,0,1,0,1,0,0,1,1,0,0,0,0,0,0,0,0,0,0,0,0,0,0,0,0,0,0
,,6-10 Years,1,0,1,0,1,0,0,0,0,0,0,0,0,1,1,0,0,1,0,0,0,0,0,0,0,0,0,0,0,0,0,0,0,0,0,0
,,11-17 Years,2,1,2,0,1,2,0,1,2,1,2,2,3,2,3,0,1,5,3,0,0,0,1,0,0,0,0,0,0,0,0,0,0,0,0,0
,,18-34 Years,6,14,8,12,10,16,10,8,10,4,10,11,8,8,7,12,19,8,11,2,0,0,0,0,0,0,0,0,0,1,0,0,0,0,0,0
,,35-49 Years,12,12,16,11,12,12,5,4,4,5,11,15,11,9,11,14,14,6,8,0,0,0,0,0,0,0,0,0,0,0,0,0,0,0,0,0
,,50-64 Years,10,7,10,10,11,6,9,11,8,6,17,12,12,4,5,8,10,7,2,1,0,0,0,0,0,0,0,0,0,0,0,0,0,0,0,0
,,65 +,0,0,0,0,0,0,1,0,1,0,0,3,1,0,1,1,1,0,1,2,0,0,0,0,0,0,0,0,0,0,0,0,0,0,0,0
,,Unknown,14,10,20,15,20,28,17,15,21,25,19,28,25,30,41,32,32,30,22,8,2,1,0,0,0,0,0,0,0,0,0,0,0,0,0,0
,Type II,All Donor Ages,810,871,812,771,747,702,664,614,569,546,551,485,453,420,323,350,293,232,165,79,4,0,0,0,0,1,0,0,0,0,1,1,0,0,0,0
,,< 1 Year,0,0,3,0,0,2,5,3,9,11,12,12,4,3,2,2,0,0,1,0,0,0,0,0,0,0,0,0,0,0,0,0,0,0,0,0
,,1-5 Years,3,4,4,8,3,8,6,13,13,8,5,5,12,2,4,5,2,6,0,2,0,0,0,0,0,0,0,0,0,0,0,0,0,0,0,0
,,6-10 Years,3,4,5,4,9,7,4,5,2,4,5,0,2,4,1,2,3,0,1,2,0,0,0,0,0,0,0,0,0,0,0,0,0,0,0,0
,,11-17 Years,17,12,13,11,7,13,11,8,9,13,13,6,19,10,7,7,11,9,8,2,0,0,0,0,0,0,0,0,0,0,1,0,0,0,0,0
,,18-34 Years,150,149,157,160,128,121,139,106,99,103,104,82,67,75,61,68,51,39,29,11,0,0,0,0,0,0,0,0,0,0,0,1,0,0,0,0
,,35-49 Years,258,269,213,170,167,177,192,150,135,114,129,100,92,87,72,67,54,47,24,5,1,0,0,0,0,1,0,0,0,0,0,0,0,0,0,0
,,50-64 Years,214,245,253,261,242,201,166,184,129,146,147,137,138,114,77,95,64,41,21,21,1,0,0,0,0,0,0,0,0,0,0,0,0,0,0,0
,,65 +,26,49,33,26,32,31,29,25,18,25,19,34,15,12,15,14,9,7,7,2,0,0,0,0,0,0,0,0,0,0,0,0,0,0,0,0
,,Unknown,139,139,131,131,159,142,112,120,155,122,117,109,104,113,84,90,99,83,74,34,2,0,0,0,0,0,0,0,0,0,0,0,0,0,0,0
,Type Other,All Donor Ages,12,18,25,21,34,45,43,33,38,40,50,34,42,51,30,24,11,5,1,1,0,0,0,0,0,0,0,0,0,0,0,0,0,0,1,0
,,< 1 Year,0,0,0,0,0,1,0,1,0,1,0,2,0,0,0,0,0,0,0,0,0,0,0,0,0,0,0,0,0,0,0,0,0,0,0,0
,,1-5 Years,0,0,0,0,0,2,0,2,3,0,0,0,2,0,0,0,0,0,0,0,0,0,0,0,0,0,0,0,0,0,0,0,0,0,0,0
,,6-10 Years,0,0,0,1,0,0,0,1,0,1,1,0,0,0,0,0,0,0,0,0,0,0,0,0,0,0,0,0,0,0,0,0,0,0,0,0
,,11-17 Years,0,0,1,0,0,1,2,0,1,1,2,1,1,0,2,0,0,0,0,0,0,0,0,0,0,0,0,0,0,0,0,0,0,0,0,0
,,18-34 Years,3,8,4,7,6,5,5,6,5,4,5,3,8,10,1,5,1,2,0,0,0,0,0,0,0,0,0,0,0,0,0,0,0,0,0,0
,,35-49 Years,4,4,5,2,9,10,16,11,6,6,7,6,8,5,5,4,6,1,1,0,0,0,0,0,0,0,0,0,0,0,0,0,0,0,1,0
,,50-64 Years,2,4,8,9,13,20,15,7,13,11,12,12,8,8,3,3,1,1,0,0,0,0,0,0,0,0,0,0,0,0,0,0,0,0,0,0
,,65 +,1,1,3,1,1,3,2,0,1,2,1,0,0,1,0,1,0,0,0,0,0,0,0,0,0,0,0,0,0,0,0,0,0,0,0,0
,,Unknown,2,1,4,1,5,3,3,5,9,14,22,10,15,27,19,11,3,1,0,1,0,0,0,0,0,0,0,0,0,0,0,0,0,0,0,0
,Type Unknown,All Donor Ages,3,5,8,11,12,18,6,10,15,34,35,23,44,47,58,101,132,167,268,388,434,388,332,335,299,301,242,245,142,68,0,2,0,1,0,0
,,< 1 Year,0,0,0,0,0,0,0,1,0,0,1,0,1,0,1,1,0,0,0,1,0,1,0,0,0,0,0,0,0,0,0,1,0,0,0,0
,,1-5 Years,0,0,0,0,0,0,3,1,1,1,0,0,4,0,1,2,1,6,4,3,2,9,1,2,5,3,2,2,3,1,0,0,0,0,0,0
,,6-10 Years,0,0,0,0,1,0,0,0,0,0,0,1,0,1,1,1,2,5,3,4,2,2,2,4,7,4,4,3,2,0,0,0,0,0,0,0
,,11-17 Years,0,0,0,0,0,0,0,0,1,1,2,0,2,4,1,1,7,7,6,7,17,15,13,14,4,19,16,12,12,3,0,0,0,0,0,0
,,18-34 Years,0,2,1,1,3,4,0,2,4,5,4,7,5,11,12,28,25,33,45,55,42,40,23,26,48,62,65,73,36,24,0,1,0,1,0,0
,,35-49 Years,2,1,0,5,3,3,1,1,3,5,8,4,13,11,21,27,43,47,65,65,59,53,43,37,62,88,77,73,46,23,0,0,0,0,0,0
,,50-64 Years,0,1,4,5,3,8,1,2,1,8,8,8,15,15,17,33,36,40,58,84,95,66,49,34,67,53,50,62,33,10,0,0,0,0,0,0
,,65 +,0,1,3,0,2,2,0,0,0,1,0,1,1,0,0,3,3,10,12,14,9,11,14,6,7,7,10,6,2,1,0,0,0,0,0,0
,,Unknown,1,0,0,0,0,1,1,3,5,13,12,2,3,5,4,5,15,19,75,155,208,191,187,212,99,65,18,14,8,6,0,0,0,0,0,0
,Unknown,All Donor Ages,0,0,0,1,0,0,0,0,0,0,0,0,0,0,0,3,1,1,0,7,16,12,13,28,26,100,172,317,539,910,1282,1194,1274,1205,1147,1183
,,< 1 Year,0,0,0,0,0,0,0,0,0,0,0,0,0,0,0,0,0,0,0,0,0,0,0,0,0,0,0,0,1,3,4,2,1,4,2,3
,,1-5 Years,0,0,0,0,0,0,0,0,0,0,0,0,0,0,0,0,0,0,0,0,0,0,0,0,0,2,0,7,11,17,28,49,54,37,66,55
,,6-10 Years,0,0,0,0,0,0,0,0,0,0,0,0,0,0,0,0,0,0,0,2,0,0,1,1,0,1,4,14,20,25,39,32,39,34,25,55
,,11-17 Years,0,0,0,0,0,0,0,0,0,0,0,0,0,0,0,0,0,0,0,0,2,2,1,1,3,5,17,37,61,107,114,109,116,145,136,117
,,18-34 Years,0,0,0,0,0,0,0,0,0,0,0,0,0,0,0,1,0,1,0,1,4,5,2,2,8,29,37,96,150,319,441,446,492,451,463,455
,,35-49 Years,0,0,0,1,0,0,0,0,0,0,0,0,0,0,0,1,0,0,0,2,6,2,2,3,8,26,66,92,152,238,359,324,356,311,289,327
,,50-64 Years,0,0,0,0,0,0,0,0,0,0,0,0,0,0,0,1,0,0,0,1,2,1,0,2,4,23,35,55,118,148,250,195,196,199,150,155
,,65 +,0,0,0,0,0,0,0,0,0,0,0,0,0,0,0,0,0,0,0,0,0,0,0,0,1,2,6,8,8,30,45,37,20,24,16,15
,,Unknown,0,0,0,0,0,0,0,0,0,0,0,0,0,0,0,0,1,0,0,1,2,2,7,19,2,12,7,8,18,23,2,0,0,0,0,1
Colorado,All Diabetes,All Donor Ages,375,471,365,351,372,361,358,265,245,243,280,252,281,314,260,228,209,243,252,211,198,184,169,185,156,150,140,121,138,108,151,108,105,133,122,133
,,1-5 Years,0,1,0,0,0,0,0,0,0,0,2,1,0,2,0,0,0,0,0,0,0,0,0,0,0,1,0,0,0,0,0,1,0,0,1,2
,,6-10 Years,0,0,2,0,1,3,0,2,5,0,0,0,3,6,0,2,3,0,1,3,0,2,3,1,0,4,5,1,0,2,5,4,4,2,5,7
,,11-17 Years,13,20,9,9,23,16,11,11,5,14,20,5,3,18,18,13,17,12,16,20,17,21,12,4,13,8,23,16,21,21,22,17,11,14,11,29
,,18-34 Years,84,141,84,101,81,93,75,79,76,42,69,63,72,44,60,45,45,50,54,56,43,31,29,24,36,43,47,37,46,33,56,50,38,62,65,47
,,35-49 Years,89,89,83,88,73,66,67,50,37,50,61,50,49,50,40,49,26,42,51,33,31,27,32,15,45,60,41,45,40,34,48,23,37,33,28,33
,,50-64 Years,65,67,61,45,42,30,51,19,22,33,33,23,37,52,28,33,22,27,16,18,25,28,10,9,13,27,22,16,20,13,18,11,13,22,12,14
,,65 +,9,5,4,4,6,1,4,2,0,0,6,8,0,4,6,2,0,1,1,2,2,1,0,2,1,1,2,0,4,3,2,2,2,0,0,1
,,Unknown,115,148,122,104,146,152,150,102,100,104,89,102,117,138,108,84,96,111,113,79,80,74,83,130,48,6,0,6,7,2,0,0,0,0,0,0
,Diabetes Status Unknown,All Donor Ages,1,0,0,0,0,0,0,0,0,0,0,0,0,0,0,0,0,0,0,0,2,0,0,0,0,0,0,0,0,0,0,0,0,1,1,1
,,11-17 Years,0,0,0,0,0,0,0,0,0,0,0,0,0,0,0,0,0,0,0,0,0,0,0,0,0,0,0,0,0,0,0,0,0,1,1,1
,,18-34 Years,0,0,0,0,0,0,0,0,0,0,0,0,0,0,0,0,0,0,0,0,1,0,0,0,0,0,0,0,0,0,0,0,0,0,0,0
,,35-49 Years,1,0,0,0,0,0,0,0,0,0,0,0,0,0,0,0,0,0,0,0,0,0,0,0,0,0,0,0,0,0,0,0,0,0,0,0
,,Unknown,0,0,0,0,0,0,0,0,0,0,0,0,0,0,0,0,0,0,0,0,1,0,0,0,0,0,0,0,0,0,0,0,0,0,0,0
,No,All Donor Ages,240,338,242,262,256,269,259,197,183,188,201,176,189,221,191,158,141,180,194,151,142,127,108,134,108,119,105,79,68,31,0,1,1,1,0,0
,,1-5 Years,0,0,0,0,0,0,0,0,0,0,2,1,0,2,0,0,0,0,0,0,0,0,0,0,0,1,0,0,0,0,0,0,0,0,0,0
,,6-10 Years,0,0,2,0,1,3,0,2,2,0,0,0,3,5,0,2,2,0,1,3,0,2,2,1,0,4,4,1,0,0,0,0,0,0,0,0
,,11-17 Years,10,20,7,6,18,15,9,9,4,12,18,3,3,11,16,10,13,10,12,12,14,13,9,2,7,5,16,11,10,3,0,0,0,0,0,0
,,18-34 Years,64,116,70,84,54,75,51,60,62,31,52,47,50,36,44,33,25,42,45,38,27,23,17,20,30,35,35,22,27,11,0,0,1,1,0,0
,,35-49 Years,53,58,42,57,49,39,50,32,23,40,41,33,40,29,31,36,18,33,35,26,25,17,18,9,33,46,34,28,18,15,0,1,0,0,0,0
,,50-64 Years,36,32,32,30,22,19,29,14,15,17,21,13,15,28,16,20,12,16,9,12,14,16,8,5,4,22,14,12,8,1,0,0,0,0,0,0
,,65 +,3,2,4,2,4,1,1,2,0,0,2,3,0,2,3,1,0,1,0,2,1,0,0,0,0,1,2,0,1,0,0,0,0,0,0,0
,,Unknown,74,110,85,83,108,117,119,78,77,88,65,76,78,108,81,56,71,78,92,58,61,56,54,97,34,5,0,5,4,1,0,0,0,0,0,0
,Type I,All Donor Ages,22,18,15,14,19,13,10,11,9,9,11,11,18,22,15,15,17,22,9,1,0,0,0,0,0,0,0,1,0,0,0,0,0,0,0,0
,,6-10 Years,0,0,0,0,0,0,0,0,0,0,0,0,0,1,0,0,0,0,0,0,0,0,0,0,0,0,0,0,0,0,0,0,0,0,0,0
,,11-17 Years,0,0,0,0,0,1,0,0,1,1,0,1,0,3,0,1,2,1,1,0,0,0,0,0,0,0,0,0,0,0,0,0,0,0,0,0
,,18-34 Years,5,6,0,0,7,1,3,2,1,3,1,2,2,2,2,3,3,1,1,0,0,0,0,0,0,0,0,1,0,0,0,0,0,0,0,0
,,35-49 Years,2,2,4,3,4,3,0,2,3,1,1,2,1,4,1,2,3,1,1,0,0,0,0,0,0,0,0,0,0,0,0,0,0,0,0,0
,,50-64 Years,1,2,5,1,1,0,1,0,2,0,2,0,3,2,0,4,1,4,1,0,0,0,0,0,0,0,0,0,0,0,0,0,0,0,0,0
,,Unknown,14,8,6,10,7,8,6,7,2,4,7,6,12,10,12,5,8,15,5,1,0,0,0,0,0,0,0,0,0,0,0,0,0,0,0,0
,Type II,All Donor Ages,109,114,107,72,97,79,89,56,53,46,68,65,71,69,48,50,38,25,19,4,1,0,0,0,0,0,0,0,0,0,0,0,0,0,0,0
,,1-5 Years,0,1,0,0,0,0,0,0,0,0,0,0,0,0,0,0,0,0,0,0,0,0,0,0,0,0,0,0,0,0,0,0,0,0,0,0
,,6-10 Years,0,0,0,0,0,0,0,0,3,0,0,0,0,0,0,0,1,0,0,0,0,0,0,0,0,0,0,0,0,0,0,0,0,0,0,0
,,11-17 Years,3,0,2,3,5,0,2,2,0,1,2,1,0,4,2,1,1,0,1,0,0,0,0,0,0,0,0,0,0,0,0,0,0,0,0,0
,,18-34 Years,13,19,14,16,20,17,21,17,13,8,16,14,18,6,14,8,8,4,4,2,0,0,0,0,0,0,0,0,0,0,0,0,0,0,0,0
,,35-49 Years,33,28,37,27,20,24,17,15,11,9,19,15,8,16,6,10,4,4,5,0,0,0,0,0,0,0,0,0,0,0,0,0,0,0,0,0
,,50-64 Years,27,33,24,13,19,11,21,5,5,16,10,10,19,21,9,7,8,2,1,1,1,0,0,0,0,0,0,0,0,0,0,0,0,0,0,0
,,65 +,6,3,0,2,2,0,3,0,0,0,4,5,0,2,3,1,0,0,0,0,0,0,0,0,0,0,0,0,0,0,0,0,0,0,0,0
,,Unknown,27,30,30,11,31,27,25,17,21,12,17,20,26,20,14,23,16,15,8,1,0,0,0,0,0,0,0,0,0,0,0,0,0,0,0,0
,Type Other,All Donor Ages,2,1,1,3,0,0,0,1,0,0,0,0,0,0,1,0,0,0,0,0,0,0,0,0,0,0,0,0,0,0,0,0,0,0,0,0
,,18-34 Years,2,0,0,1,0,0,0,0,0,0,0,0,0,0,0,0,0,0,0,0,0,0,0,0,0,0,0,0,0,0,0,0,0,0,0,0
,,35-49 Years,0,1,0,1,0,0,0,1,0,0,0,0,0,0,0,0,0,0,0,0,0,0,0,0,0,0,0,0,0,0,0,0,0,0,0,0
,,50-64 Years,0,0,0,1,0,0,0,0,0,0,0,0,0,0,0,0,0,0,0,0,0,0,0,0,0,0,0,0,0,0,0,0,0,0,0,0
,,Unknown,0,0,1,0,0,0,0,0,0,0,0,0,0,0,1,0,0,0,0,0,0,0,0,0,0,0,0,0,0,0,0,0,0,0,0,0
,Type Unknown,All Donor Ages,1,0,0,0,0,0,0,0,0,0,0,0,3,2,5,5,13,16,29,54,53,57,60,49,48,30,30,24,34,10,0,0,1,0,0,0
,,6-10 Years,0,0,0,0,0,0,0,0,0,0,0,0,0,0,0,0,0,0,0,0,0,0,1,0,0,0,1,0,0,0,0,0,0,0,0,0
,,11-17 Years,0,0,0,0,0,0,0,0,0,0,0,0,0,0,0,1,1,1,2,8,3,8,2,2,6,3,4,1,4,2,0,0,0,0,0,0
,,18-34 Years,0,0,0,0,0,0,0,0,0,0,0,0,2,0,0,1,9,3,3,15,15,8,12,4,6,8,11,12,6,3,0,0,0,0,0,0
,,35-49 Years,0,0,0,0,0,0,0,0,0,0,0,0,0,1,2,1,1,4,10,7,6,10,14,6,12,13,7,7,11,2,0,0,1,0,0,0
,,50-64 Years,1,0,0,0,0,0,0,0,0,0,0,0,0,1,3,2,1,5,5,5,10,12,2,4,9,5,7,3,9,1,0,0,0,0,0,0
,,65 +,0,0,0,0,0,0,0,0,0,0,0,0,0,0,0,0,0,0,1,0,1,1,0,1,1,0,0,0,1,1,0,0,0,0,0,0
,,Unknown,0,0,0,0,0,0,0,0,0,0,0,0,1,0,0,0,1,3,8,19,18,18,29,32,14,1,0,1,3,1,0,0,0,0,0,0
,Unknown,All Donor Ages,0,0,0,0,0,0,0,0,0,0,0,0,0,0,0,0,0,0,1,1,0,0,1,2,0,1,5,17,36,67,151,107,103,131,121,132
,,1-5 Years,0,0,0,0,0,0,0,0,0,0,0,0,0,0,0,0,0,0,0,0,0,0,0,0,0,0,0,0,0,0,0,1,0,0,1,2
,,6-10 Years,0,0,0,0,0,0,0,0,0,0,0,0,0,0,0,0,0,0,0,0,0,0,0,0,0,0,0,0,0,2,5,4,4,2,5,7
,,11-17 Years,0,0,0,0,0,0,0,0,0,0,0,0,0,0,0,0,0,0,0,0,0,0,1,0,0,0,3,4,7,16,22,17,11,13,10,28
,,18-34 Years,0,0,0,0,0,0,0,0,0,0,0,0,0,0,0,0,0,0,1,1,0,0,0,0,0,0,1,2,13,19,56,50,37,61,65,47
,,35-49 Years,0,0,0,0,0,0,0,0,0,0,0,0,0,0,0,0,0,0,0,0,0,0,0,0,0,1,0,10,11,17,48,22,36,33,28,33
,,50-64 Years,0,0,0,0,0,0,0,0,0,0,0,0,0,0,0,0,0,0,0,0,0,0,0,0,0,0,1,1,3,11,18,11,13,22,12,14
,,65 +,0,0,0,0,0,0,0,0,0,0,0,0,0,0,0,0,0,0,0,0,0,0,0,1,0,0,0,0,2,2,2,2,2,0,0,1
,,Unknown,0,0,0,0,0,0,0,0,0,0,0,0,0,0,0,0,0,0,0,0,0,0,0,1,0,0,0,0,0,0,0,0,0,0,0,0
Connecticut,All Diabetes,All Donor Ages,215,259,237,239,243,264,203,207,161,160,151,157,153,177,147,150,128,131,124,122,129,155,139,134,124,128,128,123,114,98,116,88,90,99,100,102
,,< 1 Year,0,0,0,0,0,0,0,0,0,0,0,1,0,0,0,0,0,0,0,0,0,1,0,0,0,0,0,0,0,0,1,0,0,0,0,1
,,1-5 Years,0,2,0,1,1,0,0,1,1,1,3,3,0,2,2,2,0,3,2,2,0,0,2,2,2,0,0,2,1,3,12,5,2,4,4,3
,,6-10 Years,1,0,2,1,0,0,1,1,0,0,2,2,5,1,0,2,0,0,0,0,2,0,0,1,3,2,4,4,4,2,2,1,3,3,2,6
,,11-17 Years,3,8,5,7,3,5,4,7,4,3,4,7,3,7,7,6,5,9,13,6,4,7,4,3,4,6,4,12,8,10,11,6,4,11,12,12
,,18-34 Years,22,35,38,53,47,40,35,41,25,28,20,30,19,28,17,30,14,19,25,32,16,21,18,17,25,42,49,30,35,32,41,39,40,53,39,34
,,35-49 Years,51,54,31,54,47,56,31,34,35,33,28,23,31,28,25,28,26,24,23,26,29,28,14,14,20,46,36,44,41,24,28,26,34,18,27,30
,,50-64 Years,56,72,78,58,53,64,33,45,21,25,24,26,27,29,23,26,20,19,19,5,15,22,14,11,12,26,29,21,23,23,19,10,7,10,15,15
,,65 +,7,6,6,5,8,7,8,8,0,4,5,0,4,7,0,4,6,4,1,0,4,3,0,2,0,2,3,5,1,1,2,1,0,0,1,1
,,Unknown,75,82,77,60,84,92,91,70,75,66,65,65,64,75,73,52,57,53,41,51,59,73,87,84,58,4,3,5,1,3,0,0,0,0,0,0
,Diabetes Status Unknown,All Donor Ages,0,1,0,0,0,0,0,0,0,0,0,1,1,2,1,2,2,0,0,0,0,0,1,2,0,0,0,0,0,0,0,0,0,0,0,0
,,18-34 Years,0,0,0,0,0,0,0,0,0,0,0,0,0,1,0,0,2,0,0,0,0,0,1,1,0,0,0,0,0,0,0,0,0,0,0,0
,,35-49 Years,0,1,0,0,0,0,0,0,0,0,0,0,1,1,0,1,0,0,0,0,0,0,0,0,0,0,0,0,0,0,0,0,0,0,0,0
,,50-64 Years,0,0,0,0,0,0,0,0,0,0,0,0,0,0,1,0,0,0,0,0,0,0,0,0,0,0,0,0,0,0,0,0,0,0,0,0
,,Unknown,0,0,0,0,0,0,0,0,0,0,0,1,0,0,0,1,0,0,0,0,0,0,0,1,0,0,0,0,0,0,0,0,0,0,0,0
,No,All Donor Ages,132,159,147,142,147,179,142,144,111,113,98,115,114,117,104,94,89,93,95,91,91,110,102,96,105,90,93,83,57,24,0,0,0,0,2,0
,,< 1 Year,0,0,0,0,0,0,0,0,0,0,0,1,0,0,0,0,0,0,0,0,0,1,0,0,0,0,0,0,0,0,0,0,0,0,0,0
,,1-5 Years,0,2,0,1,1,0,0,1,1,1,2,2,0,2,2,2,0,3,2,1,0,0,2,2,2,0,0,2,1,1,0,0,0,0,0,0
,,6-10 Years,1,0,2,0,0,0,1,1,0,0,2,1,1,1,0,1,0,0,0,0,0,0,0,1,2,2,1,3,1,0,0,0,0,0,0,0
,,11-17 Years,3,7,4,7,1,5,3,7,3,2,2,6,3,6,5,4,3,7,11,4,2,5,3,1,4,5,3,9,5,0,0,0,0,0,0,0
,,18-34 Years,16,23,27,36,32,31,28,33,19,19,12,19,14,21,14,21,9,15,19,23,13,15,14,11,22,34,34,19,19,10,0,0,0,0,2,0
,,35-49 Years,30,28,19,27,25,38,22,23,24,23,17,15,19,13,15,19,17,15,17,22,21,22,11,9,16,29,26,32,19,7,0,0,0,0,0,0
,,50-64 Years,32,44,39,31,31,38,20,27,12,16,14,17,19,15,14,15,14,16,12,4,8,14,7,10,11,17,24,13,12,5,0,0,0,0,0,0
,,65 +,2,4,4,1,3,0,3,5,0,3,4,0,1,1,0,0,3,2,0,0,3,2,0,1,0,1,2,2,0,0,0,0,0,0,0,0
,,Unknown,48,51,52,39,54,67,65,47,52,49,45,54,57,58,54,32,43,35,34,37,44,51,65,61,48,2,3,3,0,1,0,0,0,0,0,0
,Type I,All Donor Ages,7,20,14,14,13,9,12,14,9,6,9,5,6,16,7,15,4,11,5,4,0,1,0,0,0,0,0,0,0,0,0,0,0,0,0,0
,,6-10 Years,0,0,0,0,0,0,0,0,0,0,0,0,2,0,0,0,0,0,0,0,0,0,0,0,0,0,0,0,0,0,0,0,0,0,0,0
,,11-17 Years,0,0,0,0,1,0,0,0,1,0,0,0,0,0,0,0,0,0,0,0,0,0,0,0,0,0,0,0,0,0,0,0,0,0,0,0
,,18-34 Years,0,1,1,0,3,0,2,1,1,0,2,0,1,1,0,1,0,2,1,1,0,0,0,0,0,0,0,0,0,0,0,0,0,0,0,0
,,35-49 Years,2,8,5,2,2,3,2,2,2,1,1,0,1,5,0,3,0,1,1,0,0,1,0,0,0,0,0,0,0,0,0,0,0,0,0,0
,,50-64 Years,2,5,3,5,0,1,3,3,1,1,2,2,1,5,1,2,1,0,0,0,0,0,0,0,0,0,0,0,0,0,0,0,0,0,0,0
,,65 +,0,0,0,0,0,0,0,0,0,0,0,0,0,1,0,0,0,0,0,0,0,0,0,0,0,0,0,0,0,0,0,0,0,0,0,0
,,Unknown,3,6,5,7,7,5,5,8,4,4,4,3,1,4,6,9,3,8,3,3,0,0,0,0,0,0,0,0,0,0,0,0,0,0,0,0
,Type II,All Donor Ages,76,79,76,82,83,76,48,47,40,40,44,34,31,39,34,32,27,22,5,4,1,0,0,0,0,0,1,0,0,0,0,0,0,0,0,0
,,1-5 Years,0,0,0,0,0,0,0,0,0,0,1,0,0,0,0,0,0,0,0,0,0,0,0,0,0,0,0,0,0,0,0,0,0,0,0,0
,,6-10 Years,0,0,0,1,0,0,0,0,0,0,0,1,2,0,0,1,0,0,0,0,0,0,0,0,0,0,0,0,0,0,0,0,0,0,0,0
,,11-17 Years,0,1,1,0,1,0,1,0,0,1,2,0,0,1,2,2,2,1,0,0,0,0,0,0,0,0,0,0,0,0,0,0,0,0,0,0
,,18-34 Years,6,11,10,17,12,9,4,7,5,8,6,11,3,5,3,6,2,2,0,1,0,0,0,0,0,0,0,0,0,0,0,0,0,0,0,0
,,35-49 Years,19,17,7,25,20,15,7,8,9,9,10,8,10,7,10,3,7,4,2,0,0,0,0,0,0,0,1,0,0,0,0,0,0,0,0,0
,,50-64 Years,22,23,36,21,22,25,10,14,8,8,8,7,7,8,6,7,5,3,0,0,0,0,0,0,0,0,0,0,0,0,0,0,0,0,0,0
,,65 +,5,2,2,4,5,7,5,3,0,1,1,0,3,5,0,4,2,2,0,0,0,0,0,0,0,0,0,0,0,0,0,0,0,0,0,0
,,Unknown,24,25,20,14,23,20,21,15,18,13,16,7,6,13,13,9,9,10,3,3,1,0,0,0,0,0,0,0,0,0,0,0,0,0,0,0
,Type Other,All Donor Ages,0,0,0,1,0,0,0,1,1,0,0,0,0,0,0,0,0,0,0,0,0,0,0,0,0,0,0,0,0,0,0,0,0,0,0,0
,,35-49 Years,0,0,0,0,0,0,0,1,0,0,0,0,0,0,0,0,0,0,0,0,0,0,0,0,0,0,0,0,0,0,0,0,0,0,0,0
,,50-64 Years,0,0,0,1,0,0,0,0,0,0,0,0,0,0,0,0,0,0,0,0,0,0,0,0,0,0,0,0,0,0,0,0,0,0,0,0
,,Unknown,0,0,0,0,0,0,0,0,1,0,0,0,0,0,0,0,0,0,0,0,0,0,0,0,0,0,0,0,0,0,0,0,0,0,0,0
,Type Unknown,All Donor Ages,0,0,0,0,0,0,1,1,0,1,0,2,1,3,1,7,6,5,19,23,37,43,36,34,19,35,25,20,21,8,0,0,0,0,0,0
,,1-5 Years,0,0,0,0,0,0,0,0,0,0,0,1,0,0,0,0,0,0,0,1,0,0,0,0,0,0,0,0,0,0,0,0,0,0,0,0
,,6-10 Years,0,0,0,0,0,0,0,0,0,0,0,0,0,0,0,0,0,0,0,0,2,0,0,0,1,0,0,0,0,0,0,0,0,0,0,0
,,11-17 Years,0,0,0,0,0,0,0,0,0,0,0,1,0,0,0,0,0,1,2,2,2,2,1,2,0,1,0,1,2,2,0,0,0,0,0,0
,,18-34 Years,0,0,0,0,0,0,1,0,0,1,0,0,1,0,0,2,1,0,5,7,3,6,3,4,3,6,10,7,8,1,0,0,0,0,0,0
,,35-49 Years,0,0,0,0,0,0,0,0,0,0,0,0,0,2,0,2,2,4,3,4,8,5,3,5,4,17,9,7,7,2,0,0,0,0,0,0
,,50-64 Years,0,0,0,0,0,0,0,1,0,0,0,0,0,1,1,2,0,0,7,1,7,7,7,0,1,9,5,4,3,3,0,0,0,0,0,0
,,65 +,0,0,0,0,0,0,0,0,0,0,0,0,0,0,0,0,1,0,1,0,1,1,0,1,0,1,1,0,1,0,0,0,0,0,0,0
,,Unknown,0,0,0,0,0,0,0,0,0,0,0,0,0,0,0,1,2,0,1,8,14,22,22,22,10,1,0,1,0,0,0,0,0,0,0,0
,Unknown,All Donor Ages,0,0,0,0,0,0,0,0,0,0,0,0,0,0,0,0,0,0,0,0,0,1,0,2,0,3,9,20,36,66,116,88,90,99,98,102
,,< 1 Year,0,0,0,0,0,0,0,0,0,0,0,0,0,0,0,0,0,0,0,0,0,0,0,0,0,0,0,0,0,0,1,0,0,0,0,1
,,1-5 Years,0,0,0,0,0,0,0,0,0,0,0,0,0,0,0,0,0,0,0,0,0,0,0,0,0,0,0,0,0,2,12,5,2,4,4,3
,,6-10 Years,0,0,0,0,0,0,0,0,0,0,0,0,0,0,0,0,0,0,0,0,0,0,0,0,0,0,3,1,3,2,2,1,3,3,2,6
,,11-17 Years,0,0,0,0,0,0,0,0,0,0,0,0,0,0,0,0,0,0,0,0,0,0,0,0,0,0,1,2,1,8,11,6,4,11,12,12
,,18-34 Years,0,0,0,0,0,0,0,0,0,0,0,0,0,0,0,0,0,0,0,0,0,0,0,1,0,2,5,4,8,21,41,39,40,53,37,34
,,35-49 Years,0,0,0,0,0,0,0,0,0,0,0,0,0,0,0,0,0,0,0,0,0,0,0,0,0,0,0,5,15,15,28,26,34,18,27,30
,,50-64 Years,0,0,0,0,0,0,0,0,0,0,0,0,0,0,0,0,0,0,0,0,0,1,0,1,0,0,0,4,8,15,19,10,7,10,15,15
,,65 +,0,0,0,0,0,0,0,0,0,0,0,0,0,0,0,0,0,0,0,0,0,0,0,0,0,0,0,3,0,1,2,1,0,0,1,1
,,Unknown,0,0,0,0,0,0,0,0,0,0,0,0,0,0,0,0,0,0,0,0,0,0,0,0,0,1,0,1,1,2,0,0,0,0,0,0
Delaware,All Diabetes,All Donor Ages,46,32,32,23,30,36,33,33,28,31,49,36,35,28,17,21,20,2,3,5,4,6,7,5,0,1,3,2,4,1,1,0,0,0,0,0
,,< 1 Year,0,0,0,0,0,0,0,0,0,0,0,1,0,0,0,0,0,0,0,0,0,0,0,0,0,0,0,0,0,0,0,0,0,0,0,0
,,1-5 Years,1,2,1,0,0,1,0,1,0,0,0,0,0,1,0,0,1,0,0,0,0,0,0,0,0,0,0,0,0,0,0,0,0,0,0,0
,,6-10 Years,0,0,0,0,0,0,1,1,2,1,1,0,0,0,1,0,0,0,0,0,0,1,0,0,0,0,1,0,1,0,0,0,0,0,0,0
,,11-17 Years,1,3,1,1,2,1,0,1,3,3,3,2,1,1,0,1,2,0,1,0,0,0,0,0,0,0,1,0,0,0,0,0,0,0,0,0
,,18-34 Years,9,1,11,9,8,14,12,12,6,10,11,12,9,5,2,3,3,2,2,2,1,0,3,1,0,0,0,0,0,0,1,0,0,0,0,0
,,35-49 Years,6,7,6,5,7,8,7,3,7,4,12,5,4,5,2,4,1,0,0,0,0,0,2,2,0,1,0,2,3,1,0,0,0,0,0,0
,,50-64 Years,15,12,4,4,3,6,3,7,4,7,12,8,10,5,7,6,4,0,0,0,0,0,0,0,0,0,0,0,0,0,0,0,0,0,0,0
,,65 +,2,0,1,1,0,1,0,1,1,1,2,0,1,1,0,0,0,0,0,0,0,0,0,0,0,0,0,0,0,0,0,0,0,0,0,0
,,Unknown,12,7,8,3,10,5,10,7,5,5,8,8,10,10,5,7,9,0,0,3,3,5,2,2,0,0,1,0,0,0,0,0,0,0,0,0
,No,All Donor Ages,31,21,26,17,24,28,29,21,17,21,32,20,25,20,9,15,17,2,3,5,4,6,7,5,0,1,3,2,4,1,0,0,0,0,0,0
,,< 1 Year,0,0,0,0,0,0,0,0,0,0,0,1,0,0,0,0,0,0,0,0,0,0,0,0,0,0,0,0,0,0,0,0,0,0,0,0
,,1-5 Years,1,2,1,0,0,1,0,1,0,0,0,0,0,1,0,0,1,0,0,0,0,0,0,0,0,0,0,0,0,0,0,0,0,0,0,0
,,6-10 Years,0,0,0,0,0,0,1,1,1,1,1,0,0,0,1,0,0,0,0,0,0,1,0,0,0,0,1,0,1,0,0,0,0,0,0,0
,,11-17 Years,1,2,1,1,2,0,0,1,2,3,3,2,1,0,0,1,2,0,1,0,0,0,0,0,0,0,1,0,0,0,0,0,0,0,0,0
,,18-34 Years,8,0,10,8,7,12,10,7,5,7,7,7,6,3,1,2,3,2,2,2,1,0,3,1,0,0,0,0,0,0,0,0,0,0,0,0
,,35-49 Years,2,5,5,3,4,6,7,0,1,3,8,1,2,4,1,2,0,0,0,0,0,0,2,2,0,1,0,2,3,1,0,0,0,0,0,0
,,50-64 Years,8,9,3,3,3,3,3,3,2,2,7,4,7,4,5,5,3,0,0,0,0,0,0,0,0,0,0,0,0,0,0,0,0,0,0,0
,,65 +,1,0,0,1,0,1,0,1,1,1,1,0,1,0,0,0,0,0,0,0,0,0,0,0,0,0,0,0,0,0,0,0,0,0,0,0
,,Unknown,10,3,6,1,8,5,8,7,5,4,5,5,8,8,1,5,8,0,0,3,3,5,2,2,0,0,1,0,0,0,0,0,0,0,0,0
,Type I,All Donor Ages,0,1,0,2,2,0,1,0,1,1,1,2,1,2,2,1,2,0,0,0,0,0,0,0,0,0,0,0,0,0,0,0,0,0,0,0
,,18-34 Years,0,0,0,0,0,0,0,0,0,0,1,0,0,0,1,0,0,0,0,0,0,0,0,0,0,0,0,0,0,0,0,0,0,0,0,0
,,35-49 Years,0,0,0,1,1,0,0,0,1,0,0,0,1,1,1,1,1,0,0,0,0,0,0,0,0,0,0,0,0,0,0,0,0,0,0,0
,,50-64 Years,0,0,0,0,0,0,0,0,0,1,0,0,0,1,0,0,0,0,0,0,0,0,0,0,0,0,0,0,0,0,0,0,0,0,0,0
,,Unknown,0,1,0,1,1,0,1,0,0,0,0,2,0,0,0,0,1,0,0,0,0,0,0,0,0,0,0,0,0,0,0,0,0,0,0,0
,Type II,All Donor Ages,15,10,6,4,4,8,3,12,10,8,15,14,9,5,6,5,1,0,0,0,0,0,0,0,0,0,0,0,0,0,0,0,0,0,0,0
,,6-10 Years,0,0,0,0,0,0,0,0,1,0,0,0,0,0,0,0,0,0,0,0,0,0,0,0,0,0,0,0,0,0,0,0,0,0,0,0
,,11-17 Years,0,1,0,0,0,1,0,0,1,0,0,0,0,1,0,0,0,0,0,0,0,0,0,0,0,0,0,0,0,0,0,0,0,0,0,0
,,18-34 Years,1,1,1,1,1,2,2,5,1,3,2,5,3,1,0,1,0,0,0,0,0,0,0,0,0,0,0,0,0,0,0,0,0,0,0,0
,,35-49 Years,4,2,1,1,2,2,0,3,5,1,4,4,1,0,0,1,0,0,0,0,0,0,0,0,0,0,0,0,0,0,0,0,0,0,0,0
,,50-64 Years,7,3,1,1,0,3,0,4,2,3,5,4,3,0,2,1,1,0,0,0,0,0,0,0,0,0,0,0,0,0,0,0,0,0,0,0
,,65 +,1,0,1,0,0,0,0,0,0,0,1,0,0,1,0,0,0,0,0,0,0,0,0,0,0,0,0,0,0,0,0,0,0,0,0,0
,,Unknown,2,3,2,1,1,0,1,0,0,1,3,1,2,2,4,2,0,0,0,0,0,0,0,0,0,0,0,0,0,0,0,0,0,0,0,0
,Type Other,All Donor Ages,0,0,0,0,0,0,0,0,0,1,1,0,0,1,0,0,0,0,0,0,0,0,0,0,0,0,0,0,0,0,0,0,0,0,0,0
,,18-34 Years,0,0,0,0,0,0,0,0,0,0,1,0,0,1,0,0,0,0,0,0,0,0,0,0,0,0,0,0,0,0,0,0,0,0,0,0
,,50-64 Years,0,0,0,0,0,0,0,0,0,1,0,0,0,0,0,0,0,0,0,0,0,0,0,0,0,0,0,0,0,0,0,0,0,0,0,0
,Unknown,All Donor Ages,0,0,0,0,0,0,0,0,0,0,0,0,0,0,0,0,0,0,0,0,0,0,0,0,0,0,0,0,0,0,1,0,0,0,0,0
,,18-34 Years,0,0,0,0,0,0,0,0,0,0,0,0,0,0,0,0,0,0,0,0,0,0,0,0,0,0,0,0,0,0,1,0,0,0,0,0
District of Columbia,All Diabetes,All Donor Ages,274,340,369,410,399,332,318,329,276,191,198,168,177,213,236,187,160,220,221,175,184,178,170,167,203,207,135,159,164,164,159,209,213,174,190,213
,,< 1 Year,0,0,1,0,2,0,3,2,0,0,0,0,0,0,0,0,0,0,0,0,0,0,0,0,1,0,0,0,0,0,2,0,1,0,1,1
,,1-5 Years,0,4,8,5,7,7,6,4,7,2,1,0,3,1,4,1,1,1,1,2,0,1,0,0,2,4,1,1,2,6,4,5,1,1,12,17
,,6-10 Years,2,5,7,2,3,5,4,3,5,1,0,0,3,2,2,0,0,3,0,2,0,1,1,1,0,4,0,3,5,3,4,2,2,4,2,11
,,11-17 Years,11,13,10,6,12,7,4,10,11,7,9,1,14,7,6,6,5,10,7,9,1,2,3,3,6,3,7,5,14,5,5,12,11,18,16,21
,,18-34 Years,70,84,68,80,79,72,79,82,64,40,33,37,33,39,43,49,23,45,51,33,25,10,7,9,38,56,41,57,48,56,72,77,86,70,73,81
,,35-49 Years,48,68,70,81,66,47,48,59,44,29,42,31,33,35,46,34,30,34,38,26,30,11,6,11,44,50,54,55,55,48,42,62,61,53,56,61
,,50-64 Years,59,58,68,82,69,37,47,51,47,46,51,36,32,30,24,11,25,27,31,14,17,6,3,10,23,36,27,33,34,41,24,42,38,24,30,19
,,65 +,12,4,10,16,7,11,9,8,11,6,17,17,2,6,3,8,5,12,4,7,0,1,0,1,4,2,0,2,4,4,6,9,13,4,0,2
,,Unknown,72,104,127,138,154,146,118,110,87,60,45,46,57,93,108,78,71,88,89,82,111,146,150,132,85,52,5,3,2,1,0,0,0,0,0,0
,Diabetes Status Unknown,All Donor Ages,0,0,0,0,0,0,0,1,0,1,0,0,1,1,1,1,2,4,6,3,2,5,4,12,4,5,2,3,5,0,0,0,2,0,0,1
,,11-17 Years,0,0,0,0,0,0,0,0,0,0,0,0,0,0,0,0,0,0,0,0,0,0,0,0,1,0,0,1,1,0,0,0,0,0,0,0
,,18-34 Years,0,0,0,0,0,0,0,0,0,0,0,0,1,0,0,0,0,1,2,0,0,0,0,0,0,1,1,0,2,0,0,0,2,0,0,0
,,35-49 Years,0,0,0,0,0,0,0,0,0,0,0,0,0,0,0,0,0,2,2,1,1,0,0,0,0,0,0,0,0,0,0,0,0,0,0,1
,,50-64 Years,0,0,0,0,0,0,0,0,0,1,0,0,0,1,1,0,2,1,2,2,0,0,0,0,1,0,1,2,2,0,0,0,0,0,0,0
,,Unknown,0,0,0,0,0,0,0,1,0,0,0,0,0,0,0,1,0,0,0,0,1,5,4,12,2,4,0,0,0,0,0,0,0,0,0,0
,No,All Donor Ages,168,232,247,274,265,236,235,227,190,122,128,118,123,157,177,140,106,172,154,117,131,138,118,110,136,149,92,117,105,33,2,3,0,1,2,0
,,< 1 Year,0,0,1,0,1,0,3,2,0,0,0,0,0,0,0,0,0,0,0,0,0,0,0,0,1,0,0,0,0,0,0,0,0,0,0,0
,,1-5 Years,0,2,8,5,6,5,6,4,5,1,0,0,2,0,3,1,1,1,1,2,0,1,0,0,1,2,1,1,0,0,0,0,0,0,1,0
,,6-10 Years,2,4,2,1,3,4,2,2,3,1,0,0,3,1,1,0,0,3,0,2,0,0,1,0,0,4,0,2,3,0,0,0,0,0,0,0
,,11-17 Years,9,12,7,5,9,7,3,10,8,7,7,1,10,7,4,4,3,9,4,7,1,2,3,1,5,3,5,3,8,0,0,0,0,1,0,0
,,18-34 Years,53,57,48,59,60,56,63,55,48,29,27,30,26,32,34,44,18,36,34,24,18,8,5,7,25,40,29,40,35,17,1,1,0,0,1,0
,,35-49 Years,28,45,43,49,38,37,34,39,27,19,30,23,26,27,36,22,20,30,25,15,21,8,5,10,29,32,37,46,37,11,1,2,0,0,0,0
,,50-64 Years,25,33,38,47,39,20,25,36,31,26,23,20,15,15,15,6,9,16,19,7,15,5,1,9,13,27,16,22,21,4,0,0,0,0,0,0
,,65 +,4,1,6,9,5,3,6,4,7,3,8,9,1,3,0,6,2,8,3,2,0,0,0,1,1,2,0,1,1,1,0,0,0,0,0,0
,,Unknown,47,78,94,99,104,104,93,75,61,36,33,35,40,72,84,57,53,69,68,58,76,114,103,82,61,39,4,2,0,0,0,0,0,0,0,0
,Type I,All Donor Ages,4,10,8,5,8,9,7,13,13,8,13,6,7,10,7,13,4,9,6,4,0,0,0,0,0,0,0,0,0,0,0,0,0,0,0,0
,,1-5 Years,0,1,0,0,1,0,0,0,0,0,0,0,0,0,0,0,0,0,0,0,0,0,0,0,0,0,0,0,0,0,0,0,0,0,0,0
,,11-17 Years,0,0,0,1,0,0,1,0,1,0,0,0,0,0,2,0,0,0,0,0,0,0,0,0,0,0,0,0,0,0,0,0,0,0,0,0
,,18-34 Years,0,3,4,0,1,0,2,3,3,1,0,1,0,2,1,2,0,1,0,2,0,0,0,0,0,0,0,0,0,0,0,0,0,0,0,0
,,35-49 Years,0,2,1,0,1,0,1,0,2,0,2,3,2,2,0,2,1,0,0,0,0,0,0,0,0,0,0,0,0,0,0,0,0,0,0,0
,,50-64 Years,1,0,0,1,3,1,0,0,1,1,3,1,1,1,0,1,0,0,1,0,0,0,0,0,0,0,0,0,0,0,0,0,0,0,0,0
,,65 +,0,0,0,0,0,0,0,1,0,0,0,0,0,0,0,0,0,0,0,0,0,0,0,0,0,0,0,0,0,0,0,0,0,0,0,0
,,Unknown,3,4,3,3,2,8,3,9,6,6,8,1,4,5,4,8,3,8,5,2,0,0,0,0,0,0,0,0,0,0,0,0,0,0,0,0
,Type II,All Donor Ages,101,98,114,130,122,86,74,88,68,59,56,43,42,43,43,28,33,18,13,7,1,0,0,0,0,0,0,0,0,0,0,0,0,0,0,0
,,< 1 Year,0,0,0,0,1,0,0,0,0,0,0,0,0,0,0,0,0,0,0,0,0,0,0,0,0,0,0,0,0,0,0,0,0,0,0,0
,,1-5 Years,0,1,0,0,0,1,0,0,1,1,1,0,0,1,1,0,0,0,0,0,0,0,0,0,0,0,0,0,0,0,0,0,0,0,0,0
,,6-10 Years,0,1,5,1,0,1,1,1,2,0,0,0,0,0,1,0,0,0,0,0,0,0,0,0,0,0,0,0,0,0,0,0,0,0,0,0
,,11-17 Years,1,1,3,0,3,0,0,0,2,0,2,0,4,0,0,2,2,0,0,0,0,0,0,0,0,0,0,0,0,0,0,0,0,0,0,0
,,18-34 Years,17,24,16,21,18,16,14,24,13,9,5,6,4,5,6,2,2,2,1,0,0,0,0,0,0,0,0,0,0,0,0,0,0,0,0,0
,,35-49 Years,20,21,26,32,26,10,13,20,14,10,10,5,5,6,8,7,4,2,1,1,0,0,0,0,0,0,0,0,0,0,0,0,0,0,0,0
,,50-64 Years,33,25,30,33,26,16,22,15,14,18,25,14,15,12,7,4,8,4,3,1,0,0,0,0,0,0,0,0,0,0,0,0,0,0,0,0
,,65 +,8,3,4,7,2,8,3,3,2,3,9,8,1,3,2,2,2,2,0,1,0,0,0,0,0,0,0,0,0,0,0,0,0,0,0,0
,,Unknown,22,22,30,36,46,34,21,25,20,18,4,10,13,16,18,11,15,8,8,4,1,0,0,0,0,0,0,0,0,0,0,0,0,0,0,0
,Type Other,All Donor Ages,1,0,0,1,3,0,0,0,3,1,0,0,1,0,0,0,1,0,0,0,0,0,0,0,0,0,0,0,0,0,0,0,0,0,0,0
,,11-17 Years,1,0,0,0,0,0,0,0,0,0,0,0,0,0,0,0,0,0,0,0,0,0,0,0,0,0,0,0,0,0,0,0,0,0,0,0
,,18-34 Years,0,0,0,0,0,0,0,0,0,1,0,0,0,0,0,0,0,0,0,0,0,0,0,0,0,0,0,0,0,0,0,0,0,0,0,0
,,35-49 Years,0,0,0,0,1,0,0,0,1,0,0,0,0,0,0,0,1,0,0,0,0,0,0,0,0,0,0,0,0,0,0,0,0,0,0,0
,,50-64 Years,0,0,0,1,0,0,0,0,1,0,0,0,1,0,0,0,0,0,0,0,0,0,0,0,0,0,0,0,0,0,0,0,0,0,0,0
,,65 +,0,0,0,0,0,0,0,0,1,0,0,0,0,0,0,0,0,0,0,0,0,0,0,0,0,0,0,0,0,0,0,0,0,0,0,0
,,Unknown,0,0,0,0,2,0,0,0,0,0,0,0,0,0,0,0,0,0,0,0,0,0,0,0,0,0,0,0,0,0,0,0,0,0,0,0
,Type Unknown,All Donor Ages,0,0,0,0,1,1,2,0,2,0,1,1,3,2,8,5,14,17,42,44,50,34,46,43,57,49,31,30,24,13,0,0,0,0,0,0
,,1-5 Years,0,0,0,0,0,1,0,0,1,0,0,0,1,0,0,0,0,0,0,0,0,0,0,0,0,1,0,0,1,1,0,0,0,0,0,0
,,6-10 Years,0,0,0,0,0,0,1,0,0,0,0,0,0,1,0,0,0,0,0,0,0,1,0,1,0,0,0,1,0,0,0,0,0,0,0,0
,,11-17 Years,0,0,0,0,0,0,0,0,0,0,0,0,0,0,0,0,0,1,3,2,0,0,0,1,0,0,2,0,1,0,0,0,0,0,0,0
,,18-34 Years,0,0,0,0,0,0,0,0,0,0,1,0,2,0,2,1,3,5,14,7,7,2,2,2,12,15,8,11,6,7,0,0,0,0,0,0
,,35-49 Years,0,0,0,0,0,0,0,0,0,0,0,0,0,0,2,3,4,0,10,9,8,3,1,1,14,18,13,7,8,4,0,0,0,0,0,0
,,50-64 Years,0,0,0,0,1,0,0,0,0,0,0,1,0,1,1,0,6,6,6,4,2,1,2,1,7,8,8,9,5,1,0,0,0,0,0,0
,,65 +,0,0,0,0,0,0,0,0,1,0,0,0,0,0,1,0,1,2,1,4,0,1,0,0,3,0,0,1,2,0,0,0,0,0,0,0
,,Unknown,0,0,0,0,0,0,1,0,0,0,0,0,0,0,2,1,0,3,8,18,33,26,41,37,21,7,0,1,1,0,0,0,0,0,0,0
,Unknown,All Donor Ages,0,0,0,0,0,0,0,0,0,0,0,0,0,0,0,0,0,0,0,0,0,1,2,2,6,4,10,9,30,118,157,206,211,173,188,212
,,< 1 Year,0,0,0,0,0,0,0,0,0,0,0,0,0,0,0,0,0,0,0,0,0,0,0,0,0,0,0,0,0,0,2,0,1,0,1,1
,,1-5 Years,0,0,0,0,0,0,0,0,0,0,0,0,0,0,0,0,0,0,0,0,0,0,0,0,1,1,0,0,1,5,4,5,1,1,11,17
,,6-10 Years,0,0,0,0,0,0,0,0,0,0,0,0,0,0,0,0,0,0,0,0,0,0,0,0,0,0,0,0,2,3,4,2,2,4,2,11
,,11-17 Years,0,0,0,0,0,0,0,0,0,0,0,0,0,0,0,0,0,0,0,0,0,0,0,1,0,0,0,1,4,5,5,12,11,17,16,21
,,18-34 Years,0,0,0,0,0,0,0,0,0,0,0,0,0,0,0,0,0,0,0,0,0,0,0,0,1,0,3,6,5,32,71,76,84,70,72,81
,,35-49 Years,0,0,0,0,0,0,0,0,0,0,0,0,0,0,0,0,0,0,0,0,0,0,0,0,1,0,4,2,10,33,41,60,61,53,56,60
,,50-64 Years,0,0,0,0,0,0,0,0,0,0,0,0,0,0,0,0,0,0,0,0,0,0,0,0,2,1,2,0,6,36,24,42,38,24,30,19
,,65 +,0,0,0,0,0,0,0,0,0,0,0,0,0,0,0,0,0,0,0,0,0,0,0,0,0,0,0,0,1,3,6,9,13,4,0,2
,,Unknown,0,0,0,0,0,0,0,0,0,0,0,0,0,0,0,0,0,0,0,0,0,1,2,1,1,2,1,0,1,1,0,0,0,0,0,0
Florida,All Diabetes,All Donor Ages,1456,1794,1514,1639,1579,1378,1151,1121,1113,980,949,929,976,994,902,942,906,828,903,835,711,650,742,664,695,630,632,565,582,473,462,464,462,463,430,397
,,< 1 Year,0,3,3,3,4,4,10,13,5,2,2,2,2,3,8,10,2,5,1,0,0,1,0,0,0,0,0,0,0,1,0,0,0,0,0,0
,,1-5 Years,19,12,18,10,8,13,5,17,18,24,14,9,20,15,15,38,17,11,19,4,9,8,8,5,5,7,7,8,4,1,1,6,4,8,6,4
,,6-10 Years,14,5,15,7,2,11,7,6,9,9,18,10,11,5,11,15,15,4,9,14,4,1,10,11,15,20,11,11,15,12,8,9,18,17,14,18
,,11-17 Years,24,32,33,41,26,37,33,38,16,31,33,45,38,33,39,30,45,31,50,44,38,15,31,41,55,49,44,59,61,41,63,50,42,48,55,47
,,18-34 Years,273,316,325,353,328,294,199,246,225,175,142,193,204,218,182,207,197,189,181,184,127,107,107,102,157,182,203,171,189,171,190,200,190,195,174,208
,,35-49 Years,353,446,418,400,334,257,233,193,228,199,175,173,212,172,173,169,200,159,148,133,112,112,120,111,158,183,195,168,168,125,123,136,125,129,121,79
,,50-64 Years,277,441,289,369,336,280,270,215,215,170,145,130,148,176,162,163,104,111,129,104,60,73,88,58,91,107,124,104,69,66,72,61,69,49,56,37
,,65 +,61,67,26,33,42,49,22,20,35,25,15,4,12,14,28,23,19,14,20,10,7,5,13,4,12,19,22,10,9,1,5,2,14,9,1,4
,,Unknown,435,472,387,423,499,433,372,373,362,345,405,363,329,358,284,287,307,304,346,342,354,328,365,332,202,63,26,34,67,55,0,0,0,8,3,0
,Diabetes Status Unknown,All Donor Ages,0,0,0,0,0,0,0,0,0,1,0,1,2,2,3,9,6,7,9,1,3,2,4,4,3,0,0,0,1,0,0,2,1,2,2,1
,,1-5 Years,0,0,0,0,0,0,0,0,0,0,0,0,0,0,0,0,2,0,0,0,0,0,0,0,0,0,0,0,0,0,0,0,0,0,0,0
,,6-10 Years,0,0,0,0,0,0,0,0,0,0,0,0,0,0,0,0,0,0,0,0,0,0,0,0,0,0,0,0,0,0,0,0,0,0,1,0
,,11-17 Years,0,0,0,0,0,0,0,0,0,0,0,0,0,1,0,0,0,0,1,0,0,0,0,0,0,0,0,0,0,0,0,0,0,0,0,0
,,18-34 Years,0,0,0,0,0,0,0,0,0,0,0,0,1,0,2,2,0,2,3,0,1,1,0,0,1,0,0,0,1,0,0,0,1,1,0,0
,,35-49 Years,0,0,0,0,0,0,0,0,0,1,0,1,1,0,0,3,0,1,0,0,0,0,0,1,1,0,0,0,0,0,0,2,0,1,0,1
,,50-64 Years,0,0,0,0,0,0,0,0,0,0,0,0,0,1,1,1,1,2,1,0,0,0,0,0,0,0,0,0,0,0,0,0,0,0,1,0
,,Unknown,0,0,0,0,0,0,0,0,0,0,0,0,0,0,0,3,3,2,4,1,2,1,4,3,1,0,0,0,0,0,0,0,0,0,0,0
,No,All Donor Ages,974,1144,975,1055,1047,923,797,791,769,676,678,666,693,707,652,684,667,591,659,624,551,502,547,489,528,466,474,409,395,158,3,2,4,2,0,0
,,< 1 Year,0,3,3,3,4,4,10,11,1,2,2,2,2,2,7,9,2,3,1,0,0,1,0,0,0,0,0,0,0,0,0,0,0,0,0,0
,,1-5 Years,18,8,16,8,8,9,4,13,15,19,14,7,17,15,14,30,12,9,16,3,9,8,8,3,4,6,4,6,3,0,0,0,0,0,0,0
,,6-10 Years,11,5,12,4,2,7,6,5,8,7,15,10,10,5,11,14,14,3,8,12,4,1,9,7,14,15,7,6,11,8,0,0,0,0,0,0
,,11-17 Years,17,25,29,33,23,35,28,28,10,24,28,37,31,18,30,26,37,22,40,34,28,12,25,32,39,33,36,42,41,14,0,0,0,1,0,0
,,18-34 Years,209,239,232,261,233,215,150,195,182,126,100,140,149,153,138,154,149,139,137,143,93,79,76,79,121,133,159,124,127,55,1,1,3,0,0,0
,,35-49 Years,232,278,253,241,220,159,144,131,143,119,115,124,145,122,118,121,139,115,101,93,90,83,81,82,118,143,146,128,120,47,1,1,1,1,0,0
,,50-64 Years,151,209,138,191,191,152,160,130,133,102,90,78,89,105,99,104,58,61,76,69,40,56,60,36,64,76,84,71,50,20,1,0,0,0,0,0
,,65 +,35,36,13,16,16,22,10,10,19,17,6,3,4,8,18,14,10,10,13,6,5,4,10,2,12,12,18,7,5,0,0,0,0,0,0,0
,,Unknown,301,341,279,298,350,320,285,268,258,260,308,265,246,279,217,212,246,229,267,264,282,258,278,248,156,48,20,25,38,14,0,0,0,0,0,0
,Type I,All Donor Ages,21,23,30,27,32,22,16,16,11,21,21,24,17,22,19,22,28,21,16,10,1,1,0,0,0,0,1,0,0,0,0,0,0,0,1,0
,,6-10 Years,0,0,0,0,0,2,0,0,0,0,0,0,0,0,0,0,0,0,0,0,0,0,0,0,0,0,0,0,0,0,0,0,0,0,0,0
,,11-17 Years,0,1,0,0,1,1,0,1,0,0,0,0,1,3,0,1,1,1,1,0,0,0,0,0,0,0,0,0,0,0,0,0,0,0,0,0
,,18-34 Years,2,5,4,3,4,3,4,3,2,2,5,7,1,3,2,5,11,4,1,3,0,1,0,0,0,0,1,0,0,0,0,0,0,0,0,0
,,35-49 Years,8,8,10,7,8,3,4,2,2,4,5,2,6,4,6,4,4,3,5,0,0,0,0,0,0,0,0,0,0,0,0,0,0,0,1,0
,,50-64 Years,5,3,6,3,2,4,3,3,1,5,2,5,3,4,3,6,3,4,0,0,0,0,0,0,0,0,0,0,0,0,0,0,0,0,0,0
,,65 +,0,0,0,1,0,0,1,0,0,0,0,0,1,0,0,0,0,0,0,0,0,0,0,0,0,0,0,0,0,0,0,0,0,0,0,0
,,Unknown,6,6,10,13,17,9,4,7,6,10,9,10,5,8,8,6,9,9,9,7,1,0,0,0,0,0,0,0,0,0,0,0,0,0,0,0
,Type II,All Donor Ages,458,617,503,551,499,429,337,312,332,276,248,235,264,256,217,218,182,155,104,22,1,2,1,0,0,0,0,0,0,0,0,1,0,0,0,0
,,< 1 Year,0,0,0,0,0,0,0,2,4,0,0,0,0,1,1,1,0,2,0,0,0,0,0,0,0,0,0,0,0,0,0,0,0,0,0,0
,,1-5 Years,1,4,2,2,0,4,1,4,3,5,0,2,3,0,0,8,3,1,1,0,0,0,0,0,0,0,0,0,0,0,0,0,0,0,0,0
,,6-10 Years,2,0,3,3,0,2,1,1,1,1,3,0,1,0,0,1,1,0,0,0,0,0,0,0,0,0,0,0,0,0,0,0,0,0,0,0
,,11-17 Years,7,6,3,8,2,1,5,7,6,7,5,8,6,11,9,3,6,6,5,2,0,0,0,0,0,0,0,0,0,0,0,0,0,0,0,0
,,18-34 Years,62,69,89,88,91,76,45,48,41,47,37,45,53,60,36,43,35,32,16,3,0,0,0,0,0,0,0,0,0,0,0,0,0,0,0,0
,,35-49 Years,112,157,153,149,106,94,85,60,82,72,54,45,60,46,47,39,48,30,22,5,0,0,0,0,0,0,0,0,0,0,0,1,0,0,0,0
,,50-64 Years,121,228,142,174,143,123,106,82,81,63,53,47,56,61,58,51,40,34,21,2,0,1,1,0,0,0,0,0,0,0,0,0,0,0,0,0
,,65 +,26,31,13,16,26,27,11,10,16,7,9,1,7,6,10,9,9,3,3,0,0,0,0,0,0,0,0,0,0,0,0,0,0,0,0,0
,,Unknown,127,122,98,111,131,102,83,98,98,74,87,87,78,71,56,63,40,47,36,10,1,1,0,0,0,0,0,0,0,0,0,0,0,0,0,0
,Type Other,All Donor Ages,3,9,6,5,0,4,0,2,1,3,0,2,0,0,0,1,1,1,1,0,0,0,0,0,0,0,0,0,0,0,0,0,0,0,0,0
,,6-10 Years,1,0,0,0,0,0,0,0,0,1,0,0,0,0,0,0,0,0,0,0,0,0,0,0,0,0,0,0,0,0,0,0,0,0,0,0
,,11-17 Years,0,0,1,0,0,0,0,2,0,0,0,0,0,0,0,0,0,0,0,0,0,0,0,0,0,0,0,0,0,0,0,0,0,0,0,0
,,18-34 Years,0,2,0,1,0,0,0,0,0,0,0,1,0,0,0,1,1,0,1,0,0,0,0,0,0,0,0,0,0,0,0,0,0,0,0,0
,,35-49 Years,1,3,2,2,0,1,0,0,1,1,0,1,0,0,0,0,0,0,0,0,0,0,0,0,0,0,0,0,0,0,0,0,0,0,0,0
,,50-64 Years,0,1,3,1,0,1,0,0,0,0,0,0,0,0,0,0,0,0,0,0,0,0,0,0,0,0,0,0,0,0,0,0,0,0,0,0
,,Unknown,1,3,0,1,0,2,0,0,0,1,0,0,0,0,0,0,0,1,0,0,0,0,0,0,0,0,0,0,0,0,0,0,0,0,0,0
,Type Unknown,All Donor Ages,0,1,0,1,1,0,1,0,0,3,2,1,0,6,11,8,21,52,112,178,153,143,189,166,159,149,139,132,101,58,0,1,1,1,1,0
,,1-5 Years,0,0,0,0,0,0,0,0,0,0,0,0,0,0,1,0,0,1,2,1,0,0,0,2,1,1,3,1,1,0,0,0,0,0,0,0
,,6-10 Years,0,0,0,0,0,0,0,0,0,0,0,0,0,0,0,0,0,1,1,2,0,0,1,4,1,4,4,4,2,1,0,0,1,0,0,0
,,11-17 Years,0,0,0,0,0,0,0,0,0,0,0,0,0,0,0,0,1,2,3,8,10,3,6,9,16,14,7,16,11,7,0,0,0,0,1,0
,,18-34 Years,0,1,0,0,0,0,0,0,0,0,0,0,0,1,4,2,1,12,22,35,33,26,31,23,35,47,36,41,36,19,0,0,0,1,0,0
,,35-49 Years,0,0,0,1,0,0,0,0,0,2,1,0,0,0,2,2,9,10,19,35,21,29,39,28,38,36,44,34,28,10,0,1,0,0,0,0
,,50-64 Years,0,0,0,0,0,0,1,0,0,0,0,0,0,5,1,1,2,9,31,33,20,16,27,20,27,26,37,28,13,11,0,0,0,0,0,0
,,65 +,0,0,0,0,0,0,0,0,0,1,0,0,0,0,0,0,0,1,4,4,2,1,3,2,0,7,3,3,2,0,0,0,0,0,0,0
,,Unknown,0,0,0,0,1,0,0,0,0,0,1,1,0,0,3,3,8,16,30,60,67,68,82,78,41,14,5,5,8,10,0,0,0,0,0,0
,Unknown,All Donor Ages,0,0,0,0,0,0,0,0,0,0,0,0,0,1,0,0,1,1,2,0,2,0,1,5,5,15,18,24,85,257,459,458,456,458,426,396
,,< 1 Year,0,0,0,0,0,0,0,0,0,0,0,0,0,0,0,0,0,0,0,0,0,0,0,0,0,0,0,0,0,1,0,0,0,0,0,0
,,1-5 Years,0,0,0,0,0,0,0,0,0,0,0,0,0,0,0,0,0,0,0,0,0,0,0,0,0,0,0,1,0,1,1,6,4,8,6,4
,,6-10 Years,0,0,0,0,0,0,0,0,0,0,0,0,0,0,0,0,0,0,0,0,0,0,0,0,0,1,0,1,2,3,8,9,17,17,13,18
,,11-17 Years,0,0,0,0,0,0,0,0,0,0,0,0,0,0,0,0,0,0,0,0,0,0,0,0,0,2,1,1,9,20,63,50,42,47,54,47
,,18-34 Years,0,0,0,0,0,0,0,0,0,0,0,0,0,1,0,0,0,0,1,0,0,0,0,0,0,2,7,6,25,97,189,199,186,193,174,208
,,35-49 Years,0,0,0,0,0,0,0,0,0,0,0,0,0,0,0,0,0,0,1,0,1,0,0,0,1,4,5,6,20,68,122,131,124,127,120,78
,,50-64 Years,0,0,0,0,0,0,0,0,0,0,0,0,0,0,0,0,0,1,0,0,0,0,0,2,0,5,3,5,6,35,71,61,69,49,55,37
,,65 +,0,0,0,0,0,0,0,0,0,0,0,0,0,0,0,0,0,0,0,0,0,0,0,0,0,0,1,0,2,1,5,2,14,9,1,4
,,Unknown,0,0,0,0,0,0,0,0,0,0,0,0,0,0,0,0,1,0,0,0,1,0,1,3,4,1,1,4,21,31,0,0,0,8,3,0
Georgia,All Diabetes,All Donor Ages,671,808,834,646,674,590,465,511,524,464,455,459,462,445,381,351,394,370,343,379,313,328,334,314,273,273,260,234,273,263,253,262,226,272,236,271
,,< 1 Year,0,0,0,0,0,0,0,1,1,0,0,0,0,0,0,0,0,0,0,0,0,0,0,0,0,0,0,0,0,0,0,0,0,0,0,1
,,1-5 Years,16,8,7,8,12,7,8,9,12,5,9,6,8,7,5,3,1,1,1,0,1,2,2,4,1,0,0,0,0,1,1,1,3,2,3,4
,,6-10 Years,3,10,3,7,9,6,0,10,7,8,10,6,15,8,6,7,2,7,3,3,9,8,12,7,2,0,4,12,5,0,8,8,11,3,3,17
,,11-17 Years,21,28,26,23,18,25,18,20,25,17,27,28,17,23,14,23,22,27,26,23,28,15,23,18,26,24,18,24,31,17,30,24,29,35,22,35
,,18-34 Years,152,216,239,179,152,133,140,109,111,99,86,110,83,101,86,58,95,94,69,72,84,74,58,60,68,77,115,82,110,96,97,96,90,133,114,118
,,35-49 Years,179,241,220,154,135,116,88,115,98,102,88,93,115,87,82,72,94,74,82,77,45,70,70,54,55,85,83,81,89,91,74,88,64,65,65,62
,,50-64 Years,122,118,106,103,91,76,41,58,75,49,65,68,64,52,53,66,52,52,43,45,32,49,50,51,37,46,35,29,27,46,34,38,29,27,29,31
,,65 +,12,5,4,8,11,8,2,5,4,7,4,5,5,10,11,1,2,6,7,3,6,5,6,5,5,4,2,0,8,9,9,7,0,5,0,3
,,Unknown,166,182,229,164,246,219,168,184,191,177,166,143,155,157,124,121,126,109,112,156,108,105,113,115,79,37,3,6,3,3,0,0,0,2,0,0
,Diabetes Status Unknown,All Donor Ages,1,0,0,0,0,0,0,0,0,0,0,0,0,0,0,0,2,0,2,5,3,2,1,0,1,1,0,1,1,0,0,0,0,1,1,2
,,11-17 Years,0,0,0,0,0,0,0,0,0,0,0,0,0,0,0,0,0,0,1,1,0,0,0,0,0,0,0,0,0,0,0,0,0,0,0,0
,,18-34 Years,0,0,0,0,0,0,0,0,0,0,0,0,0,0,0,0,1,0,1,1,1,0,1,0,0,1,0,0,0,0,0,0,0,0,1,1
,,35-49 Years,0,0,0,0,0,0,0,0,0,0,0,0,0,0,0,0,0,0,0,2,0,0,0,0,1,0,0,0,1,0,0,0,0,1,0,1
,,Unknown,1,0,0,0,0,0,0,0,0,0,0,0,0,0,0,0,1,0,0,1,2,2,0,0,0,0,0,1,0,0,0,0,0,0,0,0
,No,All Donor Ages,409,525,573,434,465,408,343,362,386,348,302,322,341,313,267,250,276,276,251,277,222,252,249,265,222,199,197,161,168,69,0,1,0,2,0,0
,,< 1 Year,0,0,0,0,0,0,0,1,1,0,0,0,0,0,0,0,0,0,0,0,0,0,0,0,0,0,0,0,0,0,0,0,0,0,0,0
,,1-5 Years,12,5,5,7,6,3,4,7,9,4,8,5,8,6,3,3,0,1,1,0,0,1,2,3,1,0,0,0,0,0,0,0,0,0,0,0
,,6-10 Years,1,8,3,2,8,4,0,7,6,8,6,6,9,7,2,7,2,7,2,2,6,5,10,6,1,0,4,5,4,0,0,0,0,0,0,0
,,11-17 Years,18,23,22,16,14,18,12,16,22,17,22,22,12,19,11,19,16,20,18,19,22,14,16,15,20,17,12,17,18,6,0,0,0,0,0,0
,,18-34 Years,110,158,181,135,129,100,109,84,85,76,53,79,68,77,66,47,68,69,53,48,56,54,39,49,61,49,91,54,70,22,0,0,0,0,0,0
,,35-49 Years,99,139,129,101,80,76,62,77,69,73,55,62,78,55,52,42,68,52,63,58,30,59,47,45,42,67,63,61,53,26,0,1,0,2,0,0
,,50-64 Years,51,61,64,60,51,52,26,31,49,29,36,39,40,24,30,38,31,31,27,27,19,32,39,44,30,36,23,19,15,13,0,0,0,0,0,0
,,65 +,2,2,2,4,4,5,1,1,3,2,3,4,4,7,6,1,1,3,1,1,2,2,3,3,2,2,2,0,5,2,0,0,0,0,0,0
,,Unknown,116,129,167,109,173,150,129,138,142,139,119,105,122,118,97,93,90,93,86,122,87,85,93,100,65,28,2,5,3,0,0,0,0,0,0,0
,Type I,All Donor Ages,19,15,14,15,16,14,8,18,12,6,9,7,12,10,11,9,16,13,9,4,0,0,1,0,0,0,0,0,0,0,0,0,0,1,0,1
,,1-5 Years,0,0,0,0,0,1,0,1,0,0,0,0,0,0,0,0,1,0,0,0,0,0,0,0,0,0,0,0,0,0,0,0,0,0,0,0
,,6-10 Years,0,0,0,0,0,0,0,0,0,0,0,0,1,0,0,0,0,0,0,0,0,0,0,0,0,0,0,0,0,0,0,0,0,0,0,0
,,11-17 Years,0,0,0,3,0,0,0,0,1,0,0,1,0,0,0,0,0,1,0,0,0,0,0,0,0,0,0,0,0,0,0,0,0,0,0,0
,,18-34 Years,4,5,2,2,1,2,0,4,2,1,1,0,1,0,2,1,1,4,2,0,0,0,1,0,0,0,0,0,0,0,0,0,0,1,0,0
,,35-49 Years,7,2,5,4,3,2,2,2,1,1,2,0,4,4,2,4,3,1,1,0,0,0,0,0,0,0,0,0,0,0,0,0,0,0,0,1
,,50-64 Years,3,2,0,2,2,1,0,3,2,2,1,2,1,1,3,0,5,3,0,1,0,0,0,0,0,0,0,0,0,0,0,0,0,0,0,0
,,65 +,0,0,0,1,0,0,0,0,0,0,0,0,0,0,0,0,0,1,0,0,0,0,0,0,0,0,0,0,0,0,0,0,0,0,0,0
,,Unknown,5,6,7,3,10,8,6,8,6,2,5,4,5,5,4,4,6,3,6,3,0,0,0,0,0,0,0,0,0,0,0,0,0,0,0,0
,Type II,All Donor Ages,237,266,244,195,193,167,113,131,123,109,142,127,108,118,94,80,78,65,39,20,1,0,2,0,0,0,0,0,0,0,1,0,0,0,0,0
,,1-5 Years,4,3,2,1,6,3,4,1,3,1,1,1,0,1,2,0,0,0,0,0,0,0,0,0,0,0,0,0,0,0,0,0,0,0,0,0
,,6-10 Years,2,2,0,5,1,2,0,3,0,0,4,0,5,1,4,0,0,0,0,0,0,0,0,0,0,0,0,0,0,0,0,0,0,0,0,0
,,11-17 Years,3,5,4,4,4,7,6,4,2,0,5,5,5,4,3,4,6,2,3,1,0,0,0,0,0,0,0,0,0,0,0,0,0,0,0,0
,,18-34 Years,37,52,56,42,22,30,31,21,23,22,32,29,13,24,13,10,16,14,5,3,0,0,1,0,0,0,0,0,0,0,1,0,0,0,0,0
,,35-49 Years,72,100,83,49,52,38,24,36,27,27,30,30,33,26,28,20,15,19,8,6,0,0,0,0,0,0,0,0,0,0,0,0,0,0,0,0
,,50-64 Years,66,55,42,40,38,23,15,24,24,18,28,27,23,26,19,26,14,16,5,3,1,0,1,0,0,0,0,0,0,0,0,0,0,0,0,0
,,65 +,10,3,2,3,7,3,1,4,1,5,1,1,1,3,4,0,1,2,2,2,0,0,0,0,0,0,0,0,0,0,0,0,0,0,0,0
,,Unknown,43,46,55,51,63,61,32,38,43,36,41,34,28,33,21,20,26,12,16,5,0,0,0,0,0,0,0,0,0,0,0,0,0,0,0,0
,Type Other,All Donor Ages,4,2,3,0,0,1,0,0,2,1,2,0,0,2,5,3,2,0,1,0,0,0,0,0,0,0,0,0,0,0,0,0,0,0,0,0
,,18-34 Years,0,1,0,0,0,1,0,0,1,0,0,0,0,0,2,0,1,0,0,0,0,0,0,0,0,0,0,0,0,0,0,0,0,0,0,0
,,35-49 Years,1,0,3,0,0,0,0,0,1,1,1,0,0,0,0,0,0,0,0,0,0,0,0,0,0,0,0,0,0,0,0,0,0,0,0,0
,,50-64 Years,2,0,0,0,0,0,0,0,0,0,0,0,0,1,1,0,0,0,0,0,0,0,0,0,0,0,0,0,0,0,0,0,0,0,0,0
,,65 +,0,0,0,0,0,0,0,0,0,0,0,0,0,0,1,0,0,0,0,0,0,0,0,0,0,0,0,0,0,0,0,0,0,0,0,0
,,Unknown,1,1,0,0,0,0,0,0,0,0,1,0,0,1,1,3,1,0,1,0,0,0,0,0,0,0,0,0,0,0,0,0,0,0,0,0
,Type Unknown,All Donor Ages,0,0,0,0,0,0,0,0,1,0,0,2,1,2,4,9,19,16,41,73,85,74,76,45,44,65,50,52,40,13,0,0,0,0,0,0
,,1-5 Years,0,0,0,0,0,0,0,0,0,0,0,0,0,0,0,0,0,0,0,0,0,1,0,1,0,0,0,0,0,0,0,0,0,0,0,0
,,6-10 Years,0,0,0,0,0,0,0,0,1,0,0,0,0,0,0,0,0,0,1,1,3,3,1,1,1,0,0,2,0,0,0,0,0,0,0,0
,,11-17 Years,0,0,0,0,0,0,0,0,0,0,0,0,0,0,0,0,0,4,4,2,6,1,7,3,4,7,4,4,3,0,0,0,0,0,0,0
,,18-34 Years,0,0,0,0,0,0,0,0,0,0,0,1,1,0,3,0,7,7,8,20,26,20,15,10,7,23,20,21,14,6,0,0,0,0,0,0
,,35-49 Years,0,0,0,0,0,0,0,0,0,0,0,1,0,2,0,6,8,2,10,11,15,11,22,8,10,16,17,17,17,4,0,0,0,0,0,0
,,50-64 Years,0,0,0,0,0,0,0,0,0,0,0,0,0,0,0,2,2,2,11,14,12,17,10,6,6,8,8,8,4,3,0,0,0,0,0,0
,,65 +,0,0,0,0,0,0,0,0,0,0,0,0,0,0,0,0,0,0,4,0,4,3,3,2,2,2,0,0,2,0,0,0,0,0,0,0
,,Unknown,0,0,0,0,0,0,0,0,0,0,0,0,0,0,1,1,2,1,3,25,19,18,18,14,14,9,1,0,0,0,0,0,0,0,0,0
,Unknown,All Donor Ages,1,0,0,2,0,0,1,0,0,0,0,1,0,0,0,0,1,0,0,0,2,0,5,4,6,8,13,20,64,181,252,261,226,268,235,268
,,< 1 Year,0,0,0,0,0,0,0,0,0,0,0,0,0,0,0,0,0,0,0,0,0,0,0,0,0,0,0,0,0,0,0,0,0,0,0,1
,,1-5 Years,0,0,0,0,0,0,0,0,0,0,0,0,0,0,0,0,0,0,0,0,1,0,0,0,0,0,0,0,0,1,1,1,3,2,3,4
,,6-10 Years,0,0,0,0,0,0,0,0,0,0,0,0,0,0,0,0,0,0,0,0,0,0,1,0,0,0,0,5,1,0,8,8,11,3,3,17
,,11-17 Years,0,0,0,0,0,0,0,0,0,0,0,0,0,0,0,0,0,0,0,0,0,0,0,0,2,0,2,3,10,11,30,24,29,35,22,35
,,18-34 Years,1,0,0,0,0,0,0,0,0,0,0,1,0,0,0,0,1,0,0,0,1,0,1,1,0,4,4,7,26,68,96,96,90,132,113,117
,,35-49 Years,0,0,0,0,0,0,0,0,0,0,0,0,0,0,0,0,0,0,0,0,0,0,1,1,2,2,3,3,18,61,74,87,64,62,65,60
,,50-64 Years,0,0,0,1,0,0,0,0,0,0,0,0,0,0,0,0,0,0,0,0,0,0,0,1,1,2,4,2,8,30,34,38,29,27,29,31
,,65 +,0,0,0,0,0,0,0,0,0,0,0,0,0,0,0,0,0,0,0,0,0,0,0,0,1,0,0,0,1,7,9,7,0,5,0,3
,,Unknown,0,0,0,1,0,0,1,0,0,0,0,0,0,0,0,0,0,0,0,0,0,0,2,1,0,0,0,0,0,3,0,0,0,2,0,0
Hawaii,All Diabetes,All Donor Ages,32,63,46,42,41,54,46,49,51,60,44,16,40,45,46,53,42,53,70,41,49,59,45,38,48,34,28,29,17,26,21,37,27,25,33,16
,,1-5 Years,0,0,0,0,0,0,0,0,0,0,0,0,0,0,0,0,0,0,0,0,0,0,0,0,0,0,0,0,0,0,0,0,0,0,2,1
,,6-10 Years,0,0,0,0,2,4,0,1,0,0,0,0,0,0,0,0,0,0,0,0,2,4,0,0,0,1,2,0,0,2,4,0,2,2,4,0
,,11-17 Years,0,0,3,0,5,0,2,1,1,2,2,0,1,2,2,1,2,3,3,4,3,2,1,6,2,5,1,3,1,0,0,7,0,2,3,2
,,18-34 Years,7,15,14,13,10,14,15,17,15,20,9,6,12,17,8,6,4,5,10,7,7,7,11,3,7,4,8,6,4,10,11,12,13,12,13,9
,,35-49 Years,21,27,14,17,11,20,17,12,24,14,11,4,14,11,12,14,9,11,12,8,11,9,8,11,8,7,9,10,6,8,5,10,12,8,10,4
,,50-64 Years,3,19,9,8,8,7,6,9,5,13,10,3,5,8,14,15,13,17,9,3,13,14,11,9,22,9,8,9,5,5,1,8,0,1,1,0
,,65 +,1,1,1,0,0,2,2,0,0,1,2,0,0,0,0,2,2,3,1,1,0,0,0,2,0,0,0,0,0,0,0,0,0,0,0,0
,,Unknown,0,1,5,4,5,7,4,9,6,10,10,3,8,7,10,15,12,14,35,18,13,23,14,7,9,8,0,1,1,1,0,0,0,0,0,0
,Diabetes Status Unknown,All Donor Ages,0,1,0,0,0,0,0,0,0,0,0,0,0,0,0,0,0,0,1,0,0,0,1,0,1,0,0,0,0,0,0,0,0,0,0,0
,,18-34 Years,0,0,0,0,0,0,0,0,0,0,0,0,0,0,0,0,0,0,0,0,0,0,1,0,0,0,0,0,0,0,0,0,0,0,0,0
,,35-49 Years,0,1,0,0,0,0,0,0,0,0,0,0,0,0,0,0,0,0,0,0,0,0,0,0,0,0,0,0,0,0,0,0,0,0,0,0
,,50-64 Years,0,0,0,0,0,0,0,0,0,0,0,0,0,0,0,0,0,0,1,0,0,0,0,0,0,0,0,0,0,0,0,0,0,0,0,0
,,Unknown,0,0,0,0,0,0,0,0,0,0,0,0,0,0,0,0,0,0,0,0,0,0,0,0,1,0,0,0,0,0,0,0,0,0,0,0
,No,All Donor Ages,18,42,29,22,34,34,33,34,32,34,29,10,22,27,28,34,20,33,47,25,27,46,33,30,34,25,22,18,12,5,1,0,0,0,0,0
,,6-10 Years,0,0,0,0,2,2,0,1,0,0,0,0,0,0,0,0,0,0,0,0,2,4,0,0,0,1,2,0,0,0,0,0,0,0,0,0
,,11-17 Years,0,0,3,0,4,0,2,1,1,1,2,0,1,1,2,0,2,2,2,3,0,2,1,4,2,4,1,3,0,0,0,0,0,0,0,0
,,18-34 Years,7,14,11,10,8,8,13,15,9,11,6,3,7,12,4,4,3,3,7,5,3,6,8,3,2,3,6,4,4,3,1,0,0,0,0,0
,,35-49 Years,10,15,5,9,9,12,10,5,15,10,8,3,6,5,7,11,5,5,8,4,7,7,7,8,8,5,7,7,2,1,0,0,0,0,0,0
,,50-64 Years,0,12,7,1,6,4,3,5,3,3,6,1,2,3,10,8,3,11,5,2,6,11,7,6,16,5,6,4,5,1,0,0,0,0,0,0
,,65 +,1,1,0,0,0,2,1,0,0,0,0,0,0,0,0,0,1,3,1,0,0,0,0,2,0,0,0,0,0,0,0,0,0,0,0,0
,,Unknown,0,0,3,2,5,6,4,7,4,9,7,3,6,6,5,11,6,9,24,11,9,16,10,7,6,7,0,0,1,0,0,0,0,0,0,0
,Type I,All Donor Ages,0,0,0,0,0,0,0,2,2,0,0,0,0,0,1,1,0,1,0,0,0,0,0,0,0,0,0,0,0,0,0,0,0,0,0,0
,,18-34 Years,0,0,0,0,0,0,0,0,1,0,0,0,0,0,0,0,0,0,0,0,0,0,0,0,0,0,0,0,0,0,0,0,0,0,0,0
,,35-49 Years,0,0,0,0,0,0,0,0,0,0,0,0,0,0,1,0,0,0,0,0,0,0,0,0,0,0,0,0,0,0,0,0,0,0,0,0
,,Unknown,0,0,0,0,0,0,0,2,1,0,0,0,0,0,0,1,0,1,0,0,0,0,0,0,0,0,0,0,0,0,0,0,0,0,0,0
,Type II,All Donor Ages,14,19,17,20,7,20,12,13,17,25,15,5,17,15,17,12,15,4,6,1,0,0,0,0,0,0,0,0,0,0,0,0,0,0,0,0
,,6-10 Years,0,0,0,0,0,2,0,0,0,0,0,0,0,0,0,0,0,0,0,0,0,0,0,0,0,0,0,0,0,0,0,0,0,0,0,0
,,11-17 Years,0,0,0,0,1,0,0,0,0,1,0,0,0,1,0,1,0,0,0,0,0,0,0,0,0,0,0,0,0,0,0,0,0,0,0,0
,,18-34 Years,0,1,3,3,2,6,2,2,5,9,3,2,4,4,4,2,0,0,0,0,0,0,0,0,0,0,0,0,0,0,0,0,0,0,0,0
,,35-49 Years,11,10,9,8,2,8,7,7,9,4,3,1,8,4,4,1,1,0,0,0,0,0,0,0,0,0,0,0,0,0,0,0,0,0,0,0
,,50-64 Years,3,7,2,7,2,3,3,4,2,9,4,2,3,5,4,3,7,1,0,0,0,0,0,0,0,0,0,0,0,0,0,0,0,0,0,0
,,65 +,0,0,1,0,0,0,0,0,0,1,2,0,0,0,0,2,1,0,0,0,0,0,0,0,0,0,0,0,0,0,0,0,0,0,0,0
,,Unknown,0,1,2,2,0,1,0,0,1,1,3,0,2,1,5,3,6,3,6,1,0,0,0,0,0,0,0,0,0,0,0,0,0,0,0,0
,Type Other,All Donor Ages,0,1,0,0,0,0,0,0,0,0,0,0,0,0,0,0,0,0,0,0,0,0,0,0,0,0,0,0,0,0,0,0,0,0,0,0
,,35-49 Years,0,1,0,0,0,0,0,0,0,0,0,0,0,0,0,0,0,0,0,0,0,0,0,0,0,0,0,0,0,0,0,0,0,0,0,0
,Type Unknown,All Donor Ages,0,0,0,0,0,0,1,0,0,1,0,1,1,3,0,6,7,15,16,15,22,12,11,8,13,6,4,4,0,1,0,0,0,0,0,0
,,11-17 Years,0,0,0,0,0,0,0,0,0,0,0,0,0,0,0,0,0,1,1,1,3,0,0,2,0,1,0,0,0,0,0,0,0,0,0,0
,,18-34 Years,0,0,0,0,0,0,0,0,0,0,0,1,1,1,0,0,1,2,3,2,4,1,2,0,5,1,2,1,0,0,0,0,0,0,0,0
,,35-49 Years,0,0,0,0,0,0,0,0,0,0,0,0,0,2,0,2,3,6,4,4,4,1,1,3,0,1,1,2,0,0,0,0,0,0,0,0
,,50-64 Years,0,0,0,0,0,0,0,0,0,1,0,0,0,0,0,4,3,5,3,1,7,3,4,3,6,2,1,1,0,0,0,0,0,0,0,0
,,65 +,0,0,0,0,0,0,1,0,0,0,0,0,0,0,0,0,0,0,0,1,0,0,0,0,0,0,0,0,0,0,0,0,0,0,0,0
,,Unknown,0,0,0,0,0,0,0,0,0,0,0,0,0,0,0,0,0,1,5,6,4,7,4,0,2,1,0,0,0,1,0,0,0,0,0,0
,Unknown,All Donor Ages,0,0,0,0,0,0,0,0,0,0,0,0,0,0,0,0,0,0,0,0,0,1,0,0,0,3,2,7,5,20,20,37,27,25,33,16
,,1-5 Years,0,0,0,0,0,0,0,0,0,0,0,0,0,0,0,0,0,0,0,0,0,0,0,0,0,0,0,0,0,0,0,0,0,0,2,1
,,6-10 Years,0,0,0,0,0,0,0,0,0,0,0,0,0,0,0,0,0,0,0,0,0,0,0,0,0,0,0,0,0,2,4,0,2,2,4,0
,,11-17 Years,0,0,0,0,0,0,0,0,0,0,0,0,0,0,0,0,0,0,0,0,0,0,0,0,0,0,0,0,1,0,0,7,0,2,3,2
,,18-34 Years,0,0,0,0,0,0,0,0,0,0,0,0,0,0,0,0,0,0,0,0,0,0,0,0,0,0,0,1,0,7,10,12,13,12,13,9
,,35-49 Years,0,0,0,0,0,0,0,0,0,0,0,0,0,0,0,0,0,0,0,0,0,1,0,0,0,1,1,1,4,7,5,10,12,8,10,4
,,50-64 Years,0,0,0,0,0,0,0,0,0,0,0,0,0,0,0,0,0,0,0,0,0,0,0,0,0,2,1,4,0,4,1,8,0,1,1,0
,,Unknown,0,0,0,0,0,0,0,0,0,0,0,0,0,0,0,0,0,0,0,0,0,0,0,0,0,0,0,1,0,0,0,0,0,0,0,0
Illinois,All Diabetes,All Donor Ages,1160,1263,1201,822,910,798,722,687,523,613,677,646,708,714,741,726,669,795,775,714,704,672,574,589,495,488,467,508,497,420,363,341,331,298,315,335
,,< 1 Year,6,8,14,8,17,3,4,0,0,1,1,0,3,4,2,0,2,2,1,0,1,5,0,2,2,2,3,3,4,1,4,1,1,1,0,1
,,1-5 Years,9,16,12,6,12,12,7,6,4,9,7,9,10,5,10,10,2,10,12,9,9,11,6,4,7,7,10,17,18,13,4,9,7,3,11,15
,,6-10 Years,6,11,12,7,11,2,7,2,4,6,5,5,4,2,3,2,3,5,1,8,9,11,8,10,11,11,16,13,11,9,14,11,10,17,6,8
,,11-17 Years,26,41,35,31,18,21,29,19,19,23,22,24,17,21,17,28,27,32,24,18,20,38,32,35,28,23,33,45,48,40,60,38,38,27,34,33
,,18-34 Years,260,269,269,154,151,158,152,146,108,114,131,92,92,116,117,111,102,115,121,116,86,113,90,103,107,161,141,151,162,121,129,146,138,144,132,155
,,35-49 Years,294,353,259,196,194,146,123,134,98,99,119,106,121,91,111,98,116,114,125,102,98,115,79,108,125,154,138,171,164,136,93,79,88,75,89,92
,,50-64 Years,292,273,247,184,176,170,148,116,78,116,83,97,125,107,129,135,91,122,110,108,123,54,77,69,82,82,83,78,73,83,53,47,42,29,42,29
,,65 +,26,26,35,12,25,14,13,4,4,4,13,7,13,8,14,23,19,20,21,36,24,15,9,18,14,23,20,17,15,13,6,10,7,2,0,0
,,Unknown,241,266,318,224,306,272,239,260,208,241,296,306,323,360,338,319,307,375,360,317,334,310,273,240,119,25,23,13,2,4,0,0,0,0,1,2
,Diabetes Status Unknown,All Donor Ages,0,0,1,0,0,0,1,2,1,4,26,19,35,89,106,82,43,13,19,17,38,14,6,11,7,2,7,5,7,5,2,1,0,1,0,0
,,< 1 Year,0,0,0,0,0,0,0,0,0,0,0,0,0,0,0,0,0,0,0,0,0,2,0,0,0,0,0,1,0,0,0,0,0,0,0,0
,,1-5 Years,0,0,0,0,0,0,0,0,0,0,0,0,0,0,0,0,0,1,1,1,2,0,0,1,0,0,0,1,0,0,0,1,0,0,0,0
,,6-10 Years,0,0,0,0,0,0,0,0,0,0,0,0,0,0,0,0,1,0,0,0,2,0,0,0,0,0,0,1,0,0,0,0,0,0,0,0
,,11-17 Years,0,0,0,0,0,0,0,0,0,0,2,0,0,1,3,1,1,2,2,1,0,2,1,1,0,0,1,0,1,1,0,0,0,0,0,0
,,18-34 Years,0,0,0,0,0,0,0,0,1,1,3,2,2,12,9,4,2,1,2,5,5,0,1,1,2,1,0,2,2,1,1,0,0,1,0,0
,,35-49 Years,0,0,1,0,0,0,0,1,0,2,8,4,8,6,6,3,2,2,3,2,2,1,1,0,3,0,1,0,3,1,0,0,0,0,0,0
,,50-64 Years,0,0,0,0,0,0,1,1,0,1,5,8,4,7,11,5,3,2,4,3,1,0,0,1,0,1,2,0,0,1,1,0,0,0,0,0
,,65 +,0,0,0,0,0,0,0,0,0,0,4,0,0,1,0,0,1,0,0,1,2,0,0,0,0,0,0,0,1,1,0,0,0,0,0,0
,,Unknown,0,0,0,0,0,0,0,0,0,0,4,5,21,62,77,69,33,5,7,4,24,9,3,7,2,0,3,0,0,0,0,0,0,0,0,0
,No,All Donor Ages,677,819,768,511,554,514,490,441,358,423,422,418,433,392,377,397,415,557,548,510,501,487,439,453,385,377,327,314,256,100,4,2,3,0,2,0
,,< 1 Year,6,8,14,8,15,3,4,0,0,0,1,0,3,3,2,0,2,1,1,0,0,2,0,2,2,1,3,1,2,0,0,0,0,0,0,0
,,1-5 Years,7,12,11,6,8,7,7,3,4,8,3,7,8,4,10,4,1,7,4,7,6,10,6,3,4,5,10,11,5,5,0,0,0,0,0,0
,,6-10 Years,3,8,9,4,8,1,4,1,4,4,4,5,3,0,1,2,2,5,0,6,4,10,7,8,8,9,10,8,3,2,1,0,0,0,0,0
,,11-17 Years,20,39,29,28,13,17,25,14,14,14,16,18,12,14,9,19,21,26,17,13,14,33,22,28,25,16,20,23,27,6,0,0,0,0,1,0
,,18-34 Years,188,199,202,107,92,112,111,95,83,77,83,62,63,77,72,85,69,92,90,84,62,81,71,82,87,130,109,92,91,33,0,2,2,0,1,0
,,35-49 Years,161,220,156,114,110,83,72,87,65,69,63,71,65,55,62,57,79,80,83,73,72,86,71,83,98,126,92,113,82,38,2,0,1,0,0,0
,,50-64 Years,121,137,118,100,91,91,87,59,34,69,43,47,77,49,58,66,53,72,70,75,85,28,53,54,50,59,55,46,39,14,1,0,0,0,0,0
,,65 +,17,13,18,6,12,9,6,1,2,2,3,5,4,4,7,8,11,9,14,27,15,8,8,12,11,15,14,9,6,1,0,0,0,0,0,0
,,Unknown,154,183,211,138,205,191,174,181,152,180,206,203,198,186,156,156,177,265,269,225,243,229,201,181,100,16,14,11,1,1,0,0,0,0,0,0
,Type I,All Donor Ages,30,19,23,20,17,26,13,25,8,13,24,22,38,53,75,48,40,37,31,10,1,2,1,1,0,0,0,0,0,0,0,0,0,0,0,0
,,1-5 Years,0,0,0,0,0,1,0,0,0,0,0,0,0,0,0,2,1,0,0,0,0,0,0,0,0,0,0,0,0,0,0,0,0,0,0,0
,,6-10 Years,0,1,0,0,0,0,0,0,0,0,0,0,0,0,1,0,0,0,0,0,0,0,0,0,0,0,0,0,0,0,0,0,0,0,0,0
,,11-17 Years,0,0,0,0,0,0,1,0,0,0,0,0,2,3,0,3,1,0,1,1,0,0,0,0,0,0,0,0,0,0,0,0,0,0,0,0
,,18-34 Years,1,6,3,1,5,4,4,5,0,1,4,1,4,9,10,7,3,7,6,2,0,1,0,1,0,0,0,0,0,0,0,0,0,0,0,0
,,35-49 Years,10,5,5,7,2,4,2,3,0,3,5,1,9,2,8,4,5,2,6,1,0,0,0,0,0,0,0,0,0,0,0,0,0,0,0,0
,,50-64 Years,7,3,4,3,2,5,3,3,3,4,0,0,5,9,17,10,5,9,1,0,0,1,0,0,0,0,0,0,0,0,0,0,0,0,0,0
,,65 +,0,0,0,1,0,1,1,0,0,1,2,0,1,0,1,2,2,1,1,0,0,0,0,0,0,0,0,0,0,0,0,0,0,0,0,0
,,Unknown,12,4,11,8,8,11,2,14,5,4,13,20,17,30,38,20,23,18,16,6,1,0,1,0,0,0,0,0,0,0,0,0,0,0,0,0
,Type II,All Donor Ages,416,394,384,275,316,251,215,216,152,164,198,174,182,161,151,163,134,139,82,38,14,13,14,7,3,1,0,0,0,0,0,0,0,0,0,0
,,< 1 Year,0,0,0,0,2,0,0,0,0,1,0,0,0,1,0,0,0,1,0,0,0,0,0,0,0,0,0,0,0,0,0,0,0,0,0,0
,,1-5 Years,2,4,1,0,4,4,0,3,0,1,3,2,2,1,0,4,0,1,0,0,0,1,0,0,0,0,0,0,0,0,0,0,0,0,0,0
,,6-10 Years,2,2,3,3,3,1,3,1,0,2,1,0,1,2,1,0,0,0,1,1,0,0,0,0,0,1,0,0,0,0,0,0,0,0,0,0
,,11-17 Years,6,2,5,3,5,4,3,5,5,9,4,5,2,3,4,3,4,3,0,0,0,0,1,1,1,0,0,0,0,0,0,0,0,0,0,0
,,18-34 Years,65,57,61,46,49,41,37,44,23,30,38,24,16,16,20,13,17,7,4,3,1,4,0,0,1,0,0,0,0,0,0,0,0,0,0,0
,,35-49 Years,111,124,92,69,75,57,47,43,31,24,41,29,37,24,25,27,17,18,12,5,1,1,0,3,1,0,0,0,0,0,0,0,0,0,0,0
,,50-64 Years,152,121,115,75,80,72,56,52,41,39,35,39,33,35,31,44,21,19,13,1,1,2,1,1,0,0,0,0,0,0,0,0,0,0,0,0
,,65 +,9,12,16,3,11,4,6,3,2,1,4,1,7,2,5,10,5,8,1,1,0,1,0,1,0,0,0,0,0,0,0,0,0,0,0,0
,,Unknown,69,72,91,76,87,68,63,65,50,57,72,74,84,77,65,62,70,82,51,27,11,4,12,1,0,0,0,0,0,0,0,0,0,0,0,0
,Type Other,All Donor Ages,37,31,20,16,23,4,2,2,2,5,5,6,10,9,5,10,0,1,3,1,0,0,0,0,0,0,0,0,0,0,0,0,0,0,0,0
,,1-5 Years,0,0,0,0,0,0,0,0,0,0,1,0,0,0,0,0,0,0,0,0,0,0,0,0,0,0,0,0,0,0,0,0,0,0,0,0
,,6-10 Years,1,0,0,0,0,0,0,0,0,0,0,0,0,0,0,0,0,0,0,0,0,0,0,0,0,0,0,0,0,0,0,0,0,0,0,0
,,11-17 Years,0,0,1,0,0,0,0,0,0,0,0,1,0,0,0,1,0,0,0,0,0,0,0,0,0,0,0,0,0,0,0,0,0,0,0,0
,,18-34 Years,6,7,2,0,5,1,0,1,1,3,3,1,2,1,1,0,0,0,0,0,0,0,0,0,0,0,0,0,0,0,0,0,0,0,0,0
,,35-49 Years,12,4,5,6,7,1,1,0,1,1,1,0,2,2,2,2,0,0,0,0,0,0,0,0,0,0,0,0,0,0,0,0,0,0,0,0
,,50-64 Years,12,12,6,6,3,0,1,1,0,1,0,2,3,3,2,2,0,0,0,0,0,0,0,0,0,0,0,0,0,0,0,0,0,0,0,0
,,65 +,0,1,1,2,2,0,0,0,0,0,0,0,1,0,0,0,0,0,0,0,0,0,0,0,0,0,0,0,0,0,0,0,0,0,0,0
,,Unknown,6,7,5,2,6,2,0,0,0,0,0,2,2,3,0,5,0,1,3,1,0,0,0,0,0,0,0,0,0,0,0,0,0,0,0,0
,Type Unknown,All Donor Ages,0,0,5,0,0,3,1,1,2,4,2,7,10,10,25,26,36,48,91,134,149,154,112,116,85,91,79,85,72,30,0,0,0,0,0,1
,,< 1 Year,0,0,0,0,0,0,0,0,0,0,0,0,0,0,0,0,0,0,0,0,1,1,0,0,0,1,0,0,1,0,0,0,0,0,0,0
,,1-5 Years,0,0,0,0,0,0,0,0,0,0,0,0,0,0,0,0,0,1,7,1,1,0,0,0,3,2,0,1,6,0,0,0,0,0,0,0
,,6-10 Years,0,0,0,0,0,0,0,0,0,0,0,0,0,0,0,0,0,0,0,1,3,1,1,2,3,1,6,2,1,0,0,0,0,0,0,0
,,11-17 Years,0,0,0,0,0,0,0,0,0,0,0,0,1,0,1,1,0,1,4,3,6,3,8,5,0,5,7,12,1,1,0,0,0,0,0,0
,,18-34 Years,0,0,1,0,0,0,0,1,0,2,0,2,5,1,5,2,11,8,18,22,18,26,17,19,16,30,16,23,22,6,0,0,0,0,0,0
,,35-49 Years,0,0,0,0,0,1,1,0,1,0,1,1,0,2,8,5,13,12,21,17,23,26,7,22,20,22,26,24,30,15,0,0,0,0,0,1
,,50-64 Years,0,0,4,0,0,2,0,0,0,2,0,1,3,4,9,8,9,20,22,29,35,23,22,13,24,14,14,16,9,7,0,0,0,0,0,0
,,65 +,0,0,0,0,0,0,0,0,0,0,0,1,0,1,1,3,0,2,5,7,7,6,1,5,2,7,6,5,1,0,0,0,0,0,0,0
,,Unknown,0,0,0,0,0,0,0,0,1,0,1,2,1,2,1,7,3,4,14,54,55,68,56,50,17,9,4,2,1,1,0,0,0,0,0,0
,Unknown,All Donor Ages,0,0,0,0,0,0,0,0,0,0,0,0,0,0,2,0,1,0,1,4,1,2,2,1,15,17,54,104,162,285,357,338,328,297,313,334
,,< 1 Year,0,0,0,0,0,0,0,0,0,0,0,0,0,0,0,0,0,0,0,0,0,0,0,0,0,0,0,1,1,1,4,1,1,1,0,1
,,1-5 Years,0,0,0,0,0,0,0,0,0,0,0,0,0,0,0,0,0,0,0,0,0,0,0,0,0,0,0,4,7,8,4,8,7,3,11,15
,,6-10 Years,0,0,0,0,0,0,0,0,0,0,0,0,0,0,0,0,0,0,0,0,0,0,0,0,0,0,0,2,7,7,13,11,10,17,6,8
,,11-17 Years,0,0,0,0,0,0,0,0,0,0,0,0,0,0,0,0,0,0,0,0,0,0,0,0,2,2,5,10,19,32,60,38,38,27,33,33
,,18-34 Years,0,0,0,0,0,0,0,0,0,0,0,0,0,0,0,0,0,0,1,0,0,1,1,0,1,0,16,34,47,81,128,144,136,143,131,155
,,35-49 Years,0,0,0,0,0,0,0,0,0,0,0,0,0,0,0,0,0,0,0,4,0,1,0,0,3,6,19,34,49,82,91,79,87,75,89,91
,,50-64 Years,0,0,0,0,0,0,0,0,0,0,0,0,0,0,1,0,0,0,0,0,1,0,1,0,8,8,12,16,25,61,51,47,42,29,42,29
,,65 +,0,0,0,0,0,0,0,0,0,0,0,0,0,0,0,0,0,0,0,0,0,0,0,0,1,1,0,3,7,11,6,10,7,2,0,0
,,Unknown,0,0,0,0,0,0,0,0,0,0,0,0,0,0,1,0,1,0,0,0,0,0,0,1,0,0,2,0,0,2,0,0,0,0,1,2
Indiana,All Diabetes,All Donor Ages,235,303,351,358,316,277,260,269,263,276,282,300,273,285,274,237,236,226,283,249,233,233,184,162,146,183,147,145,155,157,162,163,131,153,144,146
,,1-5 Years,1,2,4,3,1,4,0,1,0,0,2,3,2,0,6,0,0,0,3,0,2,0,0,0,0,0,0,0,0,2,0,0,0,0,2,2
,,6-10 Years,2,3,1,6,1,2,2,0,0,3,4,2,0,4,4,3,2,3,2,8,1,4,0,0,2,4,0,0,6,7,1,3,2,5,4,7
,,11-17 Years,8,14,11,10,10,12,13,9,19,10,16,12,21,22,18,11,23,10,23,16,7,8,5,5,19,20,21,27,19,30,19,21,15,14,16,28
,,18-34 Years,75,91,112,120,94,81,74,79,80,78,68,77,54,43,49,38,55,43,60,49,40,19,5,6,33,71,54,48,66,59,70,65,45,62,65,76
,,35-49 Years,88,103,123,99,79,67,55,53,53,58,49,64,56,54,42,48,44,37,72,64,36,13,9,10,43,60,48,38,47,44,51,49,52,52,40,26
,,50-64 Years,18,33,37,61,46,21,24,27,23,39,39,55,30,33,28,37,17,29,45,26,31,2,2,2,19,25,19,31,17,13,21,24,16,20,17,7
,,65 +,0,3,1,0,4,0,0,6,1,1,5,2,2,7,1,2,4,0,2,4,4,0,0,0,0,0,2,1,0,0,0,1,1,0,0,0
,,Unknown,43,54,62,59,81,90,92,94,87,87,99,85,108,122,126,98,91,104,76,82,112,187,163,139,30,3,3,0,0,2,0,0,0,0,0,0
,Diabetes Status Unknown,All Donor Ages,0,0,0,0,1,0,0,0,0,0,1,0,0,1,1,0,0,0,1,2,9,1,3,8,2,0,0,0,0,0,0,1,1,0,1,0
,,1-5 Years,0,0,0,0,0,0,0,0,0,0,0,0,0,0,0,0,0,0,1,0,0,0,0,0,0,0,0,0,0,0,0,0,0,0,0,0
,,11-17 Years,0,0,0,0,0,0,0,0,0,0,0,0,0,0,0,0,0,0,0,1,0,0,0,0,0,0,0,0,0,0,0,0,0,0,0,0
,,18-34 Years,0,0,0,0,0,0,0,0,0,0,0,0,0,0,0,0,0,0,0,0,1,0,0,0,1,0,0,0,0,0,0,1,1,0,1,0
,,35-49 Years,0,0,0,0,1,0,0,0,0,0,1,0,0,0,0,0,0,0,0,0,1,0,0,1,0,0,0,0,0,0,0,0,0,0,0,0
,,50-64 Years,0,0,0,0,0,0,0,0,0,0,0,0,0,0,0,0,0,0,0,0,3,0,0,0,0,0,0,0,0,0,0,0,0,0,0,0
,,Unknown,0,0,0,0,0,0,0,0,0,0,0,0,0,1,1,0,0,0,0,1,4,1,3,7,1,0,0,0,0,0,0,0,0,0,0,0
,No,All Donor Ages,158,214,236,248,218,203,179,190,200,198,198,227,188,190,208,175,164,174,205,178,162,160,135,111,108,145,111,83,72,45,9,8,4,6,6,3
,,1-5 Years,1,2,4,3,0,3,0,1,0,0,2,2,0,0,6,0,0,0,2,0,1,0,0,0,0,0,0,0,0,1,0,0,0,0,0,0
,,6-10 Years,1,3,0,5,1,2,2,0,0,3,3,2,0,3,2,1,0,2,1,6,1,4,0,0,2,4,0,0,4,2,0,0,0,0,0,0
,,11-17 Years,8,12,9,8,9,10,9,6,17,9,14,11,15,16,15,7,18,8,16,11,4,6,5,3,13,18,15,12,5,9,0,1,1,0,1,1
,,18-34 Years,55,68,80,93,62,59,52,64,65,53,55,62,39,30,39,28,37,34,50,37,31,14,2,5,24,54,36,28,30,16,5,2,2,2,2,1
,,35-49 Years,52,61,74,67,48,49,38,29,35,41,29,45,41,35,31,34,27,24,49,43,20,9,8,5,35,46,39,26,24,13,2,3,1,3,1,1
,,50-64 Years,10,23,24,33,29,11,15,15,11,27,21,34,22,22,16,23,10,18,28,20,19,1,2,0,14,20,19,17,9,3,2,2,0,1,2,0
,,65 +,0,2,0,0,2,0,0,2,1,0,4,1,1,3,1,1,2,0,1,3,2,0,0,0,0,0,2,0,0,0,0,0,0,0,0,0
,,Unknown,31,43,45,39,67,69,63,73,71,65,70,70,70,81,98,81,70,88,58,58,84,126,118,98,20,3,0,0,0,1,0,0,0,0,0,0
,Type I,All Donor Ages,7,3,9,11,9,8,11,9,9,12,11,9,17,21,15,6,10,7,16,3,0,0,0,0,0,0,0,0,0,0,0,0,0,0,0,0
,,6-10 Years,0,0,0,0,0,0,0,0,0,0,0,0,0,1,0,0,0,0,0,0,0,0,0,0,0,0,0,0,0,0,0,0,0,0,0,0
,,11-17 Years,0,0,0,1,0,0,1,0,1,0,1,0,3,1,1,0,0,0,1,0,0,0,0,0,0,0,0,0,0,0,0,0,0,0,0,0
,,18-34 Years,3,0,2,2,2,2,4,1,2,2,0,1,4,3,3,2,3,3,2,1,0,0,0,0,0,0,0,0,0,0,0,0,0,0,0,0
,,35-49 Years,2,0,6,2,1,0,2,4,3,2,1,4,3,3,1,0,3,0,3,0,0,0,0,0,0,0,0,0,0,0,0,0,0,0,0,0
,,50-64 Years,0,2,0,4,2,2,1,1,1,2,1,1,0,1,1,2,0,2,5,0,0,0,0,0,0,0,0,0,0,0,0,0,0,0,0,0
,,Unknown,2,1,1,2,4,4,3,3,2,6,8,3,7,12,9,2,4,2,5,2,0,0,0,0,0,0,0,0,0,0,0,0,0,0,0,0
,Type II,All Donor Ages,69,86,106,99,88,65,68,70,54,62,70,62,65,68,48,53,54,39,40,8,0,0,0,0,0,0,0,0,0,0,0,0,0,0,0,0
,,1-5 Years,0,0,0,0,1,1,0,0,0,0,0,1,2,0,0,0,0,0,0,0,0,0,0,0,0,0,0,0,0,0,0,0,0,0,0,0
,,6-10 Years,1,0,1,1,0,0,0,0,0,0,1,0,0,0,2,1,2,1,0,0,0,0,0,0,0,0,0,0,0,0,0,0,0,0,0,0
,,11-17 Years,0,2,2,1,1,2,3,3,1,1,1,1,3,5,2,4,4,2,4,1,0,0,0,0,0,0,0,0,0,0,0,0,0,0,0,0
,,18-34 Years,17,23,30,25,30,20,17,14,13,22,12,14,10,9,7,8,12,6,7,1,0,0,0,0,0,0,0,0,0,0,0,0,0,0,0,0
,,35-49 Years,34,42,43,30,29,18,15,20,15,14,18,14,12,15,9,12,12,9,10,2,0,0,0,0,0,0,0,0,0,0,0,0,0,0,0,0
,,50-64 Years,8,8,13,24,15,7,8,11,11,9,16,19,7,10,10,12,7,7,6,0,0,0,0,0,0,0,0,0,0,0,0,0,0,0,0,0
,,65 +,0,1,1,0,2,0,0,4,0,1,1,1,1,4,0,1,2,0,1,0,0,0,0,0,0,0,0,0,0,0,0,0,0,0,0,0
,,Unknown,9,10,16,18,10,17,25,18,14,15,21,12,30,25,18,15,15,14,12,4,0,0,0,0,0,0,0,0,0,0,0,0,0,0,0,0
,Type Other,All Donor Ages,1,0,0,0,0,1,1,0,0,0,0,0,0,0,0,0,0,0,0,0,0,0,0,0,0,0,0,0,0,0,0,0,0,0,0,0
,,18-34 Years,0,0,0,0,0,0,1,0,0,0,0,0,0,0,0,0,0,0,0,0,0,0,0,0,0,0,0,0,0,0,0,0,0,0,0,0
,,50-64 Years,0,0,0,0,0,1,0,0,0,0,0,0,0,0,0,0,0,0,0,0,0,0,0,0,0,0,0,0,0,0,0,0,0,0,0,0
,,Unknown,1,0,0,0,0,0,0,0,0,0,0,0,0,0,0,0,0,0,0,0,0,0,0,0,0,0,0,0,0,0,0,0,0,0,0,0
,Type Unknown,All Donor Ages,0,0,0,0,0,0,1,0,0,4,2,2,3,5,2,3,8,6,20,56,60,71,46,42,34,35,29,39,35,9,0,3,2,1,0,1
,,1-5 Years,0,0,0,0,0,0,0,0,0,0,0,0,0,0,0,0,0,0,0,0,1,0,0,0,0,0,0,0,0,0,0,0,0,0,0,0
,,6-10 Years,0,0,0,0,0,0,0,0,0,0,0,0,0,0,0,1,0,0,1,1,0,0,0,0,0,0,0,0,2,0,0,0,0,0,0,0
,,11-17 Years,0,0,0,0,0,0,0,0,0,0,0,0,0,0,0,0,1,0,2,3,3,2,0,2,6,2,5,9,8,4,0,0,0,0,0,0
,,18-34 Years,0,0,0,0,0,0,0,0,0,1,1,0,1,1,0,0,3,0,1,9,7,5,3,0,7,17,15,11,11,3,0,1,1,0,0,1
,,35-49 Years,0,0,0,0,0,0,0,0,0,1,0,1,0,1,1,2,2,4,9,19,15,4,1,4,8,12,6,7,11,1,0,1,0,1,0,0
,,50-64 Years,0,0,0,0,0,0,0,0,0,1,1,1,1,0,1,0,0,2,6,6,9,1,0,2,4,4,0,12,3,1,0,1,1,0,0,0
,,65 +,0,0,0,0,0,0,0,0,0,0,0,0,0,0,0,0,0,0,0,1,2,0,0,0,0,0,0,0,0,0,0,0,0,0,0,0
,,Unknown,0,0,0,0,0,0,1,0,0,1,0,0,1,3,0,0,2,0,1,17,23,59,42,34,9,0,3,0,0,0,0,0,0,0,0,0
,Unknown,All Donor Ages,0,0,0,0,0,0,0,0,0,0,0,0,0,0,0,0,0,0,1,2,2,1,0,1,2,3,7,23,48,103,153,151,124,146,137,142
,,1-5 Years,0,0,0,0,0,0,0,0,0,0,0,0,0,0,0,0,0,0,0,0,0,0,0,0,0,0,0,0,0,1,0,0,0,0,2,2
,,6-10 Years,0,0,0,0,0,0,0,0,0,0,0,0,0,0,0,0,0,0,0,1,0,0,0,0,0,0,0,0,0,5,1,3,2,5,4,7
,,11-17 Years,0,0,0,0,0,0,0,0,0,0,0,0,0,0,0,0,0,0,0,0,0,0,0,0,0,0,1,6,6,17,19,20,14,14,15,27
,,18-34 Years,0,0,0,0,0,0,0,0,0,0,0,0,0,0,0,0,0,0,0,1,1,0,0,1,1,0,3,9,25,40,65,61,41,60,62,74
,,35-49 Years,0,0,0,0,0,0,0,0,0,0,0,0,0,0,0,0,0,0,1,0,0,0,0,0,0,2,3,5,12,30,49,45,51,48,39,25
,,50-64 Years,0,0,0,0,0,0,0,0,0,0,0,0,0,0,0,0,0,0,0,0,0,0,0,0,1,1,0,2,5,9,19,21,15,19,15,7
,,65 +,0,0,0,0,0,0,0,0,0,0,0,0,0,0,0,0,0,0,0,0,0,0,0,0,0,0,0,1,0,0,0,1,1,0,0,0
,,Unknown,0,0,0,0,0,0,0,0,0,0,0,0,0,0,0,0,0,0,0,0,1,1,0,0,0,0,0,0,0,1,0,0,0,0,0,0
Iowa,All Diabetes,All Donor Ages,163,180,214,243,218,214,200,179,164,184,197,146,173,161,131,120,111,117,125,116,130,144,123,140,121,118,108,107,92,153,109,81,84,84,72,85
,,< 1 Year,0,0,0,1,1,1,1,1,1,4,1,3,1,1,0,0,1,0,0,0,0,0,0,1,0,0,0,0,0,0,0,0,0,0,0,0
,,1-5 Years,0,2,0,7,2,6,8,5,6,6,3,4,3,3,3,0,7,1,8,4,12,11,5,7,2,5,2,1,2,5,2,0,4,2,0,2
,,6-10 Years,0,1,2,0,1,0,1,5,2,2,2,2,5,4,4,7,4,3,1,8,1,5,6,2,3,5,0,2,3,3,2,4,1,2,2,0
,,11-17 Years,2,8,9,5,7,5,5,10,9,6,8,2,1,11,4,7,7,8,2,4,8,8,2,4,6,9,11,5,15,25,10,9,9,4,13,12
,,18-34 Years,35,31,19,60,55,49,26,40,37,23,56,29,39,31,21,25,25,17,24,8,19,12,7,5,23,30,32,33,18,43,33,28,30,34,28,32
,,35-49 Years,38,40,49,65,41,45,50,30,26,42,52,36,33,37,22,22,20,36,19,16,15,23,11,6,35,39,38,43,30,38,30,29,22,25,10,26
,,50-64 Years,30,42,64,60,64,60,66,38,43,54,26,23,32,18,22,18,12,12,24,12,10,17,5,8,18,19,20,18,19,33,30,11,16,12,17,11
,,65 +,8,10,16,15,8,10,6,11,2,5,6,3,6,3,3,3,4,2,2,0,0,2,0,0,1,3,3,2,3,2,2,0,2,2,2,2
,,Unknown,50,46,55,30,39,38,37,39,38,42,43,44,53,53,52,38,31,38,45,64,65,66,87,107,33,8,2,3,2,4,0,0,0,3,0,0
,Diabetes Status Unknown,All Donor Ages,0,0,0,0,0,0,0,0,0,0,0,0,0,0,0,1,0,0,0,0,0,0,0,0,0,0,0,0,1,0,0,0,0,0,0,0
,,50-64 Years,0,0,0,0,0,0,0,0,0,0,0,0,0,0,0,1,0,0,0,0,0,0,0,0,0,0,0,0,0,0,0,0,0,0,0,0
,,65 +,0,0,0,0,0,0,0,0,0,0,0,0,0,0,0,0,0,0,0,0,0,0,0,0,0,0,0,0,1,0,0,0,0,0,0,0
,No,All Donor Ages,102,120,126,154,156,144,132,130,104,115,120,93,107,110,94,70,69,81,83,86,98,109,87,99,96,86,80,74,61,52,3,0,0,0,0,0
,,< 1 Year,0,0,0,1,1,1,0,1,1,3,1,2,1,1,0,0,1,0,0,0,0,0,0,1,0,0,0,0,0,0,0,0,0,0,0,0
,,1-5 Years,0,2,0,5,1,2,4,1,4,4,2,3,2,2,3,0,5,1,3,1,9,10,3,4,1,4,2,1,1,1,0,0,0,0,0,0
,,6-10 Years,0,1,1,0,1,0,1,4,1,2,1,1,5,2,3,5,4,3,1,5,0,4,5,1,3,5,0,2,3,3,0,0,0,0,0,0
,,11-17 Years,2,6,8,4,7,4,4,7,8,6,7,2,1,10,3,5,5,6,1,3,4,5,1,2,6,6,8,5,8,8,0,0,0,0,0,0
,,18-34 Years,26,24,15,40,38,40,23,37,24,13,36,18,27,17,17,14,14,8,17,5,11,10,4,4,18,21,25,18,15,10,2,0,0,0,0,0
,,35-49 Years,26,28,27,40,28,30,32,20,17,24,31,22,16,25,15,8,10,25,9,12,12,17,8,3,28,27,28,31,18,17,1,0,0,0,0,0
,,50-64 Years,12,21,30,33,43,31,33,23,21,33,9,12,15,13,11,9,5,9,13,10,7,12,4,7,13,12,14,12,13,11,0,0,0,0,0,0
,,65 +,2,3,5,10,5,5,2,7,2,4,4,2,1,1,3,2,3,1,1,0,0,2,0,0,1,3,2,2,1,2,0,0,0,0,0,0
,,Unknown,34,35,40,21,32,31,33,30,26,26,29,31,39,39,39,27,22,28,38,50,55,49,62,77,26,8,1,3,2,0,0,0,0,0,0,0
,Type I,All Donor Ages,9,4,13,7,10,5,4,5,12,11,10,5,5,6,5,10,7,5,3,0,0,0,0,0,0,0,0,0,0,0,0,0,0,0,0,0
,,1-5 Years,0,0,0,0,0,0,0,1,0,2,0,0,0,1,0,0,0,0,1,0,0,0,0,0,0,0,0,0,0,0,0,0,0,0,0,0
,,11-17 Years,0,0,0,0,0,0,0,0,0,0,0,0,0,0,1,0,0,0,0,0,0,0,0,0,0,0,0,0,0,0,0,0,0,0,0,0
,,18-34 Years,1,0,2,3,1,1,0,0,5,1,2,1,1,2,1,2,4,1,0,0,0,0,0,0,0,0,0,0,0,0,0,0,0,0,0,0
,,35-49 Years,1,1,5,1,1,0,1,2,1,2,2,2,2,1,1,2,0,1,1,0,0,0,0,0,0,0,0,0,0,0,0,0,0,0,0,0
,,50-64 Years,1,1,2,2,6,4,2,1,4,4,4,0,0,0,0,2,1,0,0,0,0,0,0,0,0,0,0,0,0,0,0,0,0,0,0,0
,,65 +,1,0,1,0,0,0,1,0,0,0,0,0,0,0,0,0,0,0,0,0,0,0,0,0,0,0,0,0,0,0,0,0,0,0,0,0
,,Unknown,5,2,3,1,2,0,0,1,2,2,2,2,2,2,2,4,2,3,1,0,0,0,0,0,0,0,0,0,0,0,0,0,0,0,0,0
,Type II,All Donor Ages,50,56,74,82,52,65,64,44,48,58,67,46,60,45,31,37,27,24,12,2,0,0,0,0,0,0,0,0,0,0,0,0,0,0,0,0
,,< 1 Year,0,0,0,0,0,0,1,0,0,1,0,1,0,0,0,0,0,0,0,0,0,0,0,0,0,0,0,0,0,0,0,0,0,0,0,0
,,1-5 Years,0,0,0,2,1,4,4,3,2,0,1,1,1,0,0,0,1,0,0,0,0,0,0,0,0,0,0,0,0,0,0,0,0,0,0,0
,,6-10 Years,0,0,1,0,0,0,0,1,1,0,1,1,0,2,1,2,0,0,0,0,0,0,0,0,0,0,0,0,0,0,0,0,0,0,0,0
,,11-17 Years,0,2,1,1,0,1,1,3,1,0,1,0,0,1,0,2,2,0,0,0,0,0,0,0,0,0,0,0,0,0,0,0,0,0,0,0
,,18-34 Years,8,7,1,17,16,8,3,3,8,9,18,9,11,12,3,8,5,7,1,0,0,0,0,0,0,0,0,0,0,0,0,0,0,0,0,0
,,35-49 Years,11,11,17,24,12,15,17,8,8,16,19,12,14,11,6,11,6,9,2,0,0,0,0,0,0,0,0,0,0,0,0,0,0,0,0,0
,,50-64 Years,17,20,32,25,15,25,31,14,18,17,13,11,17,5,10,6,5,2,5,0,0,0,0,0,0,0,0,0,0,0,0,0,0,0,0,0
,,65 +,5,7,10,5,3,5,3,4,0,1,2,1,5,2,0,1,1,0,1,0,0,0,0,0,0,0,0,0,0,0,0,0,0,0,0,0
,,Unknown,9,9,12,8,5,7,4,8,10,14,12,10,12,12,11,7,7,6,3,2,0,0,0,0,0,0,0,0,0,0,0,0,0,0,0,0
,Type Other,All Donor Ages,2,0,1,0,0,0,0,0,0,0,0,1,1,0,0,0,0,1,0,0,0,0,0,0,0,0,0,0,0,0,0,0,0,0,0,0
,,18-34 Years,0,0,1,0,0,0,0,0,0,0,0,0,0,0,0,0,0,1,0,0,0,0,0,0,0,0,0,0,0,0,0,0,0,0,0,0
,,35-49 Years,0,0,0,0,0,0,0,0,0,0,0,0,1,0,0,0,0,0,0,0,0,0,0,0,0,0,0,0,0,0,0,0,0,0,0,0
,,Unknown,2,0,0,0,0,0,0,0,0,0,0,1,0,0,0,0,0,0,0,0,0,0,0,0,0,0,0,0,0,0,0,0,0,0,0,0
,Type Unknown,All Donor Ages,0,0,0,0,,,,,,,,,,,,,,,,,,,,,,,,,,,,,,,,